canc,lnc,colname,cor,pval,test,chisq,kw_pval,clin_pval,anova_both_vs_lnc,lnc_concordance,clin_concordance,lnc_HR,clin_HR,concordance_combo_model,clin_vs_combo_anova,fdr,chisq_fdr,clin_pval_fdr,clin_vs_combo_anova_fdr,sig_tests,type,combo,better,name,sig_tag
Brain Lower Grade Glioma,ENSG00000225511,Age,0.315502002,3.71E-13,Ftest,NA,NA,8.88E-16,2.62E-12,0.68215398,0.747827189,3.441061203,1.058109367,0.788784674,1.56E-08,1.56E-12,NA,2.57E-15,5.29E-08,*,LGG,LINC00475 LGG,V,LINC00475,V
Brain Lower Grade Glioma,ENSG00000239552,Age,0.244408378,2.56E-08,Ftest,NA,NA,8.88E-16,1.39E-12,0.662019266,0.747827189,4.584044943,1.058109367,0.776236692,4.65E-10,8.07E-08,NA,2.57E-15,3.05E-09,*,LGG,HOXB-AS2 LGG,V,HOXB-AS2,V
Brain Lower Grade Glioma,ENSG00000254271,Age,0.240247963,4.47E-08,Ftest,NA,NA,8.88E-16,4.85E-13,0.602520461,0.747827189,3.935547501,1.058109367,0.758473962,1.31E-05,1.36E-07,NA,2.57E-15,1.81E-05,*,LGG,RP11-131N11.4 LGG,V,RP11-131N11.4,V
Brain Lower Grade Glioma,ENSG00000253187,Age,0.169679028,0.000125441,Ftest,NA,NA,8.88E-16,1.36E-13,0.653708264,0.747827189,3.824519857,1.058109367,0.784312305,4.73E-10,0.000262056,NA,2.57E-15,3.05E-09,*,LGG,HOXA-AS4 LGG,V,HOXA-AS4,V
Brain Lower Grade Glioma,ENSG00000255020,Age,-0.135585867,0.002239289,Ftest,NA,NA,8.88E-16,7.04E-13,0.647207938,0.747827189,0.294817194,1.058109367,0.780002897,9.35E-09,0.004026039,NA,2.57E-15,3.35E-08,*,LGG,AF131216.5 LGG,V,AF131216.5,V
Brain Lower Grade Glioma,ENSG00000224950,Age,0.128947948,0.003665755,Ftest,NA,NA,8.88E-16,6.66E-16,0.674024046,0.747827189,2.9695739,1.058109367,0.802980372,2.82E-10,0.006326187,NA,2.57E-15,3.05E-09,*,LGG,RP5-1086K13.1 LGG,V,RP5-1086K13.1,V
Brain Lower Grade Glioma,ENSG00000254635,Age,-0.11861234,0.007563587,Ftest,NA,NA,8.88E-16,3.33E-16,0.674911277,0.747827189,0.273102585,1.058109367,0.807018179,6.88E-13,0.012589712,NA,2.57E-15,2.88E-10,*,LGG,WAC-AS1 LGG,V,WAC-AS1,V
Kidney renal clear cell carcinoma,ENSG00000234052,Age,0.124229274,0.009497533,Ftest,NA,NA,2.44E-07,7.64E-06,0.539466165,0.615541216,3.206183591,1.035971895,0.639054241,0.001678349,0.045588159,NA,5.33E-07,0.001678349,*,KIRC,AP001607.1 KIRC,V,AP001607.1,V
Brain Lower Grade Glioma,ENSG00000261889,Age,0.095581983,0.031581341,Ftest,NA,NA,8.88E-16,2.22E-16,0.654468748,0.747827189,2.718258202,1.058109367,0.785271963,1.35E-09,0.048070714,NA,2.57E-15,6.38E-09,*,LGG,RP11-473M20.16 LGG,V,RP11-473M20.16,V
Brain Lower Grade Glioma,ENSG00000225511,Age,0.308887992,2.10E-11,Ftest,NA,NA,9.66E-14,cant_calc,0.68215398,0.757607961,3.441061203,1.058532701,0.799536277,2.85E-07,8.03E-11,NA,2.47E-13,6.53E-07,*,LGG,LINC00475 LGG,V,LINC00475,V
Brain Lower Grade Glioma,ENSG00000239552,Age,0.253929898,4.72E-08,Ftest,NA,NA,9.66E-14,cant_calc,0.662019266,0.757607961,4.584044943,1.058532701,0.786663124,4.65E-10,1.43E-07,NA,2.47E-13,3.05E-09,*,LGG,HOXB-AS2 LGG,V,HOXB-AS2,V
Brain Lower Grade Glioma,ENSG00000254271,Age,0.236015532,4.10E-07,Ftest,NA,NA,9.66E-14,cant_calc,0.602520461,0.757607961,3.935547501,1.058532701,0.770601874,1.31E-05,1.13E-06,NA,2.47E-13,1.81E-05,*,LGG,RP11-131N11.4 LGG,V,RP11-131N11.4,V
Brain Lower Grade Glioma,ENSG00000253187,Age,0.180082557,0.00012256,Ftest,NA,NA,9.66E-14,cant_calc,0.653708264,0.757607961,3.824519857,1.058532701,0.799270602,4.73E-10,0.000257076,NA,2.47E-13,3.05E-09,*,LGG,HOXA-AS4 LGG,V,HOXA-AS4,V
Brain Lower Grade Glioma,ENSG00000255020,Age,-0.150238721,0.001391827,Ftest,NA,NA,9.66E-14,cant_calc,0.647207938,0.757607961,0.294817194,1.058532701,0.78704956,4.32E-07,0.002564939,NA,2.47E-13,9.37E-07,*,LGG,AF131216.5 LGG,V,AF131216.5,V
Brain Lower Grade Glioma,ENSG00000224950,Age,0.128040858,0.006532032,Ftest,NA,NA,9.66E-14,cant_calc,0.674024046,0.757607961,2.9695739,1.058532701,0.812481886,1.10E-05,0.010907859,NA,2.47E-13,1.64E-05,*,LGG,RP5-1086K13.1 LGG,V,RP5-1086K13.1,V
Brain Lower Grade Glioma,ENSG00000254635,Age,-0.110599,0.018933512,Ftest,NA,NA,9.66E-14,cant_calc,0.674911277,0.757607961,0.273102585,1.058532701,0.806274756,2.09E-06,0.029968381,NA,2.47E-13,3.43E-06,*,LGG,WAC-AS1 LGG,V,WAC-AS1,V
Stomach adenocarcinoma,ENSG00000228623,ARID1A mutation,-0.316038125,2.02E-06,Ftest,NA,NA,0.546903131,cant_calc,0.594920189,0.521185155,1.870787073,0.861139453,0.597482051,0.000447964,0.00049597,NA,0.683628914,0.003484167,*,STAD,ZNF883 STAD,V,ZNF883,
Stomach adenocarcinoma,ENSG00000240449,ARID1A mutation,0.211016225,0.001773328,Ftest,NA,NA,0.546903131,cant_calc,0.582622227,0.521185155,0.495226747,0.861139453,0.587521489,0.011426591,0.03620544,NA,0.683628914,0.03447228,*,STAD,RP4-584D14.5 STAD,V,RP4-584D14.5,
Brain Lower Grade Glioma,ENSG00000254271,ATRX status,NA,6.80E-05,Ftest,8.95E-05,5.65E-05,0.014253078,cant_calc,0.602520461,0.603288517,3.935547501,1.107125614,0.65065407,2.10E-06,0.000145561,0.00017798,0.018713965,3.43E-06,*,LGG,RP11-131N11.4 LGG,V,RP11-131N11.4,V
Brain Lower Grade Glioma,ENSG00000225511,ATRX status,NA,0.000466579,Ftest,0.424124343,0.023192238,0.09208107,0.083957864,0.68284736,0.582284073,3.441061203,1.372212726,0.717822693,6.86E-11,0.000915417,0.50828534,0.111534817,1.69E-09,*,LGG,LINC00475 LGG,V,LINC00475,
Brain Lower Grade Glioma,ENSG00000239552,ATRX status,NA,0.000642634,Ftest,0.004763881,0.001210024,0.014253078,cant_calc,0.662019266,0.603288517,4.584044943,1.107125614,0.682340116,6.12E-10,0.001228145,0.007808117,0.018713965,3.36E-09,*,LGG,HOXB-AS2 LGG,V,HOXB-AS2,V
Brain Lower Grade Glioma,ENSG00000215196,ATRX status,NA,0.001442687,Ftest,1.10E-06,3.44E-07,0.09208107,7.21E-05,0.636127678,0.582284073,0.317284096,1.372212726,0.697573816,4.22E-12,0.002649204,2.76E-06,0.111534817,3.91E-10,*,LGG,AC091878.1 LGG,V,AC091878.1,
Brain Lower Grade Glioma,ENSG00000224950,ATRX status,NA,0.020065592,Ftest,0.84604634,0.276802085,0.09208107,0.021234387,0.673901038,0.582284073,2.9695739,1.372212726,0.713128636,7.23E-10,0.031663136,0.90244943,0.111534817,3.80E-09,*,LGG,RP5-1086K13.1 LGG,V,RP5-1086K13.1,
Brain Lower Grade Glioma,ENSG00000228021,ATRX status,NA,0.343122283,Ftest,0.011299005,0.050175259,0.09208107,0.00054221,0.654038731,0.582284073,0.321922291,1.372212726,0.704163905,1.69E-11,0.4060805,0.017907858,0.111534817,7.51E-10,*,LGG,RP11-383C5.3 LGG,V,RP11-383C5.3,
Stomach adenocarcinoma,ENSG00000240449,CDKN2A Epigenetically Silenced,NA,0.001107943,Ftest,0.000464017,0.000468701,0.009719289,0.01954261,0.595152756,0.590715139,0.495226747,0.401003135,0.641833077,0.031795518,0.025852013,0.024468968,0.072158355,0.057917486,*,STAD,RP4-584D14.5 STAD,,RP4-584D14.5,
Stomach adenocarcinoma,ENSG00000228623,CDKN2A Epigenetically Silenced,NA,0.143445871,Ftest,0.002558784,0.054896922,0.009719289,0.063479874,0.62886158,0.590715139,1.870787073,0.401003135,0.658218126,0.001899926,0.468350951,0.048716655,0.072158355,0.011894975,*,STAD,ZNF883 STAD,V,ZNF883,
Brain Lower Grade Glioma,ENSG00000239552,Chr.19.20.co.gain,NA,8.34E-15,Ftest,6.04E-10,1.25E-12,2.68E-07,0.112344126,0.661665212,0.530754401,4.584044943,0.166403062,0.668394442,6.12E-10,3.71E-14,2.09E-09,5.46E-07,3.36E-09,*,LGG,HOXB-AS2 LGG,V,HOXB-AS2,V
Brain Lower Grade Glioma,ENSG00000254635,Chr.19.20.co.gain,NA,1.24E-14,Ftest,0.001407342,1.53E-07,2.68E-07,0.005197349,0.6738142,0.530754401,0.273102585,0.166403062,0.68570857,3.41E-10,5.49E-14,0.002450088,5.46E-07,3.05E-09,*,LGG,WAC-AS1 LGG,V,WAC-AS1,V
Brain Lower Grade Glioma,ENSG00000225511,Chr.19.20.co.gain,NA,1.39E-07,Ftest,0.001341122,8.29E-07,2.68E-07,0.006589339,0.682616761,0.530754401,3.441061203,0.166403062,0.693583588,6.55E-10,4.05E-07,0.002346964,5.46E-07,3.56E-09,*,LGG,LINC00475 LGG,V,LINC00475,V
Brain Lower Grade Glioma,ENSG00000254271,Chr.19.20.co.gain,NA,5.33E-07,Ftest,6.32E-06,8.23E-07,2.68E-07,0.003523411,0.602320675,0.530754401,3.935547501,0.166403062,0.624127019,2.10E-06,1.45E-06,1.42E-05,5.46E-07,3.43E-06,*,LGG,RP11-131N11.4 LGG,V,RP11-131N11.4,V
Brain Lower Grade Glioma,ENSG00000255020,Chr.19.20.co.gain,NA,3.88E-06,Ftest,0.040145891,0.000651212,2.68E-07,0.002328217,0.646879092,0.530754401,0.294817194,0.166403062,0.668921868,7.49E-10,9.54E-06,0.058647911,5.46E-07,3.80E-09,*,LGG,AF131216.5 LGG,V,AF131216.5,V
Brain Lower Grade Glioma,ENSG00000228021,Chr.19.20.co.gain,NA,4.46E-06,Ftest,0.040145891,0.000124286,2.68E-07,0.00050202,0.654208497,0.530754401,0.321922291,0.166403062,0.665939182,2.58E-09,1.09E-05,0.058647911,5.46E-07,1.09E-08,*,LGG,RP11-383C5.3 LGG,V,RP11-383C5.3,V
Brain Lower Grade Glioma,ENSG00000253187,Chr.19.20.co.gain,NA,7.78E-06,Ftest,3.28E-05,6.04E-06,2.68E-07,0.004953576,0.65324458,0.530754401,3.824519857,0.166403062,0.663756729,4.17E-10,1.87E-05,6.84E-05,5.46E-07,3.05E-09,*,LGG,HOXA-AS4 LGG,V,HOXA-AS4,V
Brain Lower Grade Glioma,ENSG00000215196,Chr.19.20.co.gain,NA,0.000642193,Ftest,0.042929579,0.00019227,2.68E-07,0.002391064,0.633784374,0.530754401,0.317284096,0.166403062,0.653008148,2.94E-08,0.001228145,0.062173873,5.46E-07,8.96E-08,*,LGG,AC091878.1 LGG,V,AC091878.1,V
Brain Lower Grade Glioma,ENSG00000256482,Chr.19.20.co.gain,NA,0.001312103,Ftest,0.014877189,0.001514222,7.05E-07,cant_calc,0.593593829,0.688974884,2.675682342,8.160777699,0.715646104,5.83E-07,0.002426686,0.022825277,1.25E-06,1.05E-06,*,LGG,RP11-625L16.3 LGG,V,RP11-625L16.3,V
Brain Lower Grade Glioma,ENSG00000224950,Chr.19.20.co.gain,NA,0.001476715,Ftest,0.042929579,0.000130493,2.68E-07,0.00247849,0.672959406,0.530754401,2.9695739,0.166403062,0.68734541,2.77E-08,0.002702075,0.062173873,5.46E-07,8.51E-08,*,LGG,RP5-1086K13.1 LGG,V,RP5-1086K13.1,V
Brain Lower Grade Glioma,ENSG00000231265,Chr.19.20.co.gain,NA,0.016375832,Ftest,0.0622185,0.014579434,7.05E-07,cant_calc,0.592109075,0.688974884,2.331247395,8.160777699,0.705554291,1.83E-05,0.026160772,0.087470359,1.25E-06,2.26E-05,*,LGG,TRERNA1 LGG,V,TRERNA1,V
Brain Lower Grade Glioma,ENSG00000254635,Chr.7.gain.Chr.10.loss,NA,1.89E-51,Ftest,1.74E-14,1.45E-28,0,7.77E-14,0.6738142,0.66010112,0.273102585,0.096810905,0.736323294,2.06E-05,4.07E-50,7.93E-14,0,2.53E-05,*,LGG,WAC-AS1 LGG,V,WAC-AS1,V
Brain Lower Grade Glioma,ENSG00000239552,Chr.7.gain.Chr.10.loss,NA,4.57E-46,Ftest,2.53E-30,8.24E-36,0,8.12E-11,0.661665212,0.66010112,4.584044943,0.096810905,0.710897716,0.003279549,8.74E-45,8.51E-29,0,0.003496378,*,LGG,HOXB-AS2 LGG,V,HOXB-AS2,V
Brain Lower Grade Glioma,ENSG00000225511,Chr.7.gain.Chr.10.loss,NA,5.03E-34,Ftest,1.23E-13,3.58E-27,0,6.66E-14,0.682616761,0.66010112,3.441061203,0.096810905,0.740160774,2.74E-05,4.75E-33,5.28E-13,0,3.34E-05,*,LGG,LINC00475 LGG,V,LINC00475,V
Brain Lower Grade Glioma,ENSG00000215196,Chr.7.gain.Chr.10.loss,NA,1.90E-27,Ftest,6.77E-11,1.76E-17,0,1.78E-15,0.633784374,0.66010112,0.317284096,0.096810905,0.712589117,8.31E-05,1.48E-26,2.56E-10,0,9.99E-05,*,LGG,AC091878.1 LGG,V,AC091878.1,V
Brain Lower Grade Glioma,ENSG00000253187,Chr.7.gain.Chr.10.loss,NA,8.46E-27,Ftest,4.93E-16,1.41E-20,0,1.22E-14,0.65324458,0.66010112,3.824519857,0.096810905,0.726720501,3.94E-06,6.24E-26,2.72E-15,0,6.05E-06,*,LGG,HOXA-AS4 LGG,V,HOXA-AS4,V
Brain Lower Grade Glioma,ENSG00000254271,Chr.7.gain.Chr.10.loss,NA,5.72E-26,Ftest,1.24E-21,1.91E-23,0,2.70E-14,0.602320675,0.66010112,3.935547501,0.096810905,0.688745817,0.108265439,4.04E-25,1.44E-20,0,0.109970407,*,LGG,RP11-131N11.4 LGG,,RP11-131N11.4,V
Brain Lower Grade Glioma,ENSG00000228021,Chr.7.gain.Chr.10.loss,NA,7.88E-18,Ftest,2.93E-10,1.85E-16,0,1.89E-15,0.654208497,0.66010112,0.321922291,0.096810905,0.726556817,3.31E-05,4.19E-17,1.06E-09,0,4.02E-05,*,LGG,RP11-383C5.3 LGG,V,RP11-383C5.3,V
Brain Lower Grade Glioma,ENSG00000224950,Chr.7.gain.Chr.10.loss,NA,1.14E-12,Ftest,4.38E-10,1.75E-19,0,4.66E-15,0.672959406,0.66010112,2.9695739,0.096810905,0.739760658,0.000207074,4.61E-12,1.55E-09,0,0.000237445,*,LGG,RP5-1086K13.1 LGG,V,RP5-1086K13.1,V
Brain Lower Grade Glioma,ENSG00000255020,Chr.7.gain.Chr.10.loss,NA,4.20E-12,Ftest,1.69E-05,9.52E-10,0,1.44E-15,0.646879092,0.66010112,0.294817194,0.096810905,0.74232504,1.68E-06,1.68E-11,3.62E-05,0,2.90E-06,*,LGG,AF131216.5 LGG,V,AF131216.5,V
Brain Lower Grade Glioma,ENSG00000256482,Chr.7.gain.Chr.10.loss,NA,3.00E-05,Ftest,0.000213266,4.22E-05,7.05E-07,cant_calc,0.593593829,0.688974884,2.675682342,8.160777699,0.715646104,5.83E-07,6.73E-05,0.00040257,1.25E-06,1.05E-06,*,LGG,RP11-625L16.3 LGG,V,RP11-625L16.3,V
Brain Lower Grade Glioma,ENSG00000261889,Chr.7.gain.Chr.10.loss,NA,4.02E-05,Ftest,9.35E-07,1.81E-10,0,2.22E-16,0.655590717,0.66010112,2.718258202,0.096810905,0.734540957,7.93E-05,8.88E-05,2.40E-06,0,9.56E-05,*,LGG,RP11-473M20.16 LGG,V,RP11-473M20.16,V
Brain Lower Grade Glioma,ENSG00000231265,Chr.7.gain.Chr.10.loss,NA,7.89E-05,Ftest,0.000465655,8.52E-05,7.05E-07,cant_calc,0.592109075,0.688974884,2.331247395,8.160777699,0.705554291,1.83E-05,0.000167479,0.000841183,1.25E-06,2.26E-05,*,LGG,TRERNA1 LGG,V,TRERNA1,V
Breast invasive carcinoma,ENSG00000237870,ER Status,NA,3.37E-07,Ftest,5.56E-10,4.48E-12,0.582283778,0.507280449,0.565615078,0.537417344,1.79551717,-0.024593015,0.558274345,0.007751666,4.24E-05,1.87E-07,0.659781978,0.026530562,*,BRCA,AC073130.1 BRCA,V,AC073130.1,
Breast invasive carcinoma,ENSG00000254302,ER Status,NA,3.14E-05,Ftest,0.000412084,0.000119093,7.23E-06,cant_calc,0.538690719,0.633254652,1.778985749,1.032000252,0.650944173,0.011162141,0.00141055,0.01258729,1.24E-05,0.031320576,*,BRCA,RP11-431M3.1 BRCA,V,RP11-431M3.1,V
Breast invasive carcinoma,ENSG00000266850,ER Status,NA,0.00057479,Ftest,0.017463096,5.63E-05,0.582283778,0.623698123,0.558667599,0.537417344,0.514331267,-0.024593015,0.551195782,0.006359255,0.012051431,0.167645724,0.659781978,0.023847207,*,BRCA,RP11-370A5.1 BRCA,V,RP11-370A5.1,
Breast invasive carcinoma,ENSG00000253199,ER Status,NA,0.001203751,Ftest,0.00230174,0.002034134,7.23E-06,cant_calc,0.525916252,0.633254652,2.472711319,1.032000252,0.639622331,0.046233578,0.020463766,0.040704456,1.24E-05,0.066652527,*,BRCA,RP11-421P23.1 BRCA,,RP11-421P23.1,V
Breast invasive carcinoma,ENSG00000249937,ER Status,NA,0.005024305,Ftest,0.000155623,0.005731941,0.582283778,0.556689438,0.5690961,0.537417344,1.71980236,-0.024593015,0.591351336,0.002513952,0.056433707,0.006536183,0.659781978,0.012470783,*,BRCA,RP11-454P21.1 BRCA,V,RP11-454P21.1,
Brain Lower Grade Glioma,ENSG00000254635,Ethnicity,NA,0.000342012,Ftest,0.183891811,0.002941421,0.307933314,0.452261092,0.674814787,0.50605468,0.273102585,0.673352081,0.675679741,3.34E-11,0.000681383,0.240418866,0.346173399,1.01E-09,*,LGG,WAC-AS1 LGG,V,WAC-AS1,
Brain Lower Grade Glioma,ENSG00000239552,Ethnicity,NA,0.00251587,Ftest,0.007935608,0.002244425,8.88E-16,1.39E-12,0.662019266,0.747827189,4.584044943,1.058109367,0.776236692,4.65E-10,0.004455572,0.012757724,2.57E-15,3.05E-09,*,LGG,HOXB-AS2 LGG,V,HOXB-AS2,V
Stomach adenocarcinoma,ENSG00000228623,Ethnicity,NA,0.000482165,Ftest,0.012457898,0.000715205,0.31952826,0.083880287,0.59551105,0.523618785,1.870787073,1.342005204,0.618024862,0.000597154,0.016875769,0.121584931,0.567229659,0.004353684,*,STAD,ZNF883 STAD,V,ZNF883,
Stomach adenocarcinoma,ENSG00000228623,Ethnicity,NA,0.000482165,Ftest,0.012457898,0.000715205,0.31952826,0.083880287,0.59551105,0.523618785,1.870787073,1.342005204,0.618024862,0.000597154,0.016875769,0.121584931,0.567229659,0.004353684,*,STAD,ZNF883 STAD,V,ZNF883,
Kidney renal papillary cell carcinoma,ENSG00000179136,Ethnicity,NA,0.007198143,Ftest,0.028248549,0.005005403,0.366598857,0.613243429,0.703140578,0.588484546,4.415286961,0.983130087,0.729810568,0.000537748,0.033550666,0.058851143,0.504073429,0.000710965,*,KIRP,LINC00670 KIRP,V,LINC00670,
Brain Lower Grade Glioma,ENSG00000225511,Ethnicity,NA,0.03088627,Ftest,0.16554718,0.036343839,0.307933314,0.426607571,0.687243804,0.50605468,3.441061203,0.673352081,0.687901922,1.24E-11,0.047151821,0.218132755,0.346173399,7.51E-10,*,LGG,LINC00475 LGG,V,LINC00475,
Lung adenocarcinoma,ENSG00000247844,Expression subtype ,NA,1.14E-05,Ftest,8.07E-06,7.64E-07,0.063679092,0.049282758,0.615598588,0.586498342,1.890474806,-0.529731777,0.649941158,0.001452161,0.002472373,0.001355294,0.327492474,0.007652745,*,LUAD,CCAT1 LUAD,V,CCAT1,
Lung adenocarcinoma,ENSG00000263089,Expression subtype ,NA,0.000109843,Ftest,0.002489799,2.91E-05,0.063679092,0.174724352,0.564673157,0.586498342,0.569919341,-0.529731777,0.601369423,0.15530436,0.011863095,0.08365726,0.327492474,0.165249959,*,LUAD,RP11-166P13.4 LUAD,,RP11-166P13.4,
Lung squamous cell carcinoma,ENSG00000272081,Expression subtype ,NA,5.33E-05,Ftest,0.003636421,0.000197285,0.811328571,0.852305053,0.521481863,0.521932081,1.675495543,0.152383945,0.525919732,0.638976319,0.007616961,0.120001881,0.811328571,0.666960683,*,LUSC,CTD-2376I4.2 LUSC,,CTD-2376I4.2,
Lung squamous cell carcinoma,ENSG00000255882,Expression subtype ,NA,0.00018222,Ftest,0.000281911,0.000293246,0.106705571,0.089427639,0.571198868,0.523347054,1.687631306,0.99901727,0.579688706,0.004605412,0.013028739,0.027909209,0.167689168,0.031070796,*,LUSC,RP11-290C10.1 LUSC,V,RP11-290C10.1,
Lung squamous cell carcinoma,ENSG00000224649,Expression subtype ,NA,0.000433664,Ftest,0.001180402,0.000407123,0.811328571,0.981892006,0.587921276,0.521932081,1.574920818,0.152383945,0.590879856,0.002757439,0.020671323,0.058429881,0.811328571,0.031070796,*,LUSC,AF124730.4 LUSC,V,AF124730.4,
Stomach adenocarcinoma,ENSG00000240449,Expression subtype ,NA,5.28E-05,Ftest,0.000593628,3.41E-05,0.073564914,0.355672033,0.589597671,0.560547909,0.495226747,-0.754528442,0.602567496,0.074082265,0.005177676,0.024468968,0.250325055,0.099181174,*,STAD,RP4-584D14.5 STAD,,RP4-584D14.5,
Stomach adenocarcinoma,ENSG00000246560,Expression subtype ,NA,0.000233869,Ftest,0.001945301,3.25E-05,0.073564914,0.376156672,0.603493912,0.560547909,1.656817749,-0.754528442,0.624669137,0.001917761,0.010626921,0.048716655,0.250325055,0.011894975,*,STAD,RP11-10L12.4 STAD,V,RP11-10L12.4,
Stomach adenocarcinoma,ENSG00000240063,Expression subtype ,NA,0.002141126,Ftest,0.002706481,0.000955103,0.073564914,0.180734679,0.565510852,0.560547909,0.577212828,-0.754528442,0.587744839,0.030743975,0.038857466,0.048716655,0.250325055,0.057437178,*,STAD,RP11-225N10.1 STAD,,RP11-225N10.1,
Stomach adenocarcinoma,ENSG00000228623,Expression subtype ,NA,0.168069684,Ftest,0.000370499,0.041465826,0.073564914,0.570404736,0.612625728,0.560547909,1.870787073,-0.754528442,0.622353097,0.001603959,0.505502075,0.024468968,0.250325055,0.010207014,*,STAD,ZNF883 STAD,V,ZNF883,
Brain Lower Grade Glioma,ENSG00000254635,Expression subtype ,NA,1.73E-44,Ftest,2.46E-13,7.58E-22,0,1.34E-07,0.662057308,0.703846367,0.273102585,-1.772859429,0.741866652,0.000256242,2.34E-43,1.03E-12,0,0.000293172,*,LGG,WAC-AS1 LGG,V,WAC-AS1,V
Brain Lower Grade Glioma,ENSG00000215196,Expression subtype ,NA,8.71E-42,Ftest,1.02E-23,2.88E-31,0,1.78E-09,0.652053428,0.703846367,0.317284096,-1.772859429,0.742587153,2.52E-07,1.07E-40,1.48E-22,0,5.83E-07,*,LGG,AC091878.1 LGG,V,AC091878.1,V
Brain Lower Grade Glioma,ENSG00000239552,Expression subtype ,NA,2.12E-41,Ftest,3.21E-28,5.77E-31,0,0.000276808,0.65648728,0.703846367,4.584044943,-1.772859429,0.718561215,0.030512952,2.49E-40,7.69E-27,0,0.031426513,*,LGG,HOXB-AS2 LGG,V,HOXB-AS2,V
Brain Lower Grade Glioma,ENSG00000225511,Expression subtype ,NA,1.27E-24,Ftest,2.27E-10,7.67E-20,0,1.18E-07,0.691265311,0.703846367,3.441061203,-1.772859429,0.765033531,7.34E-07,8.40E-24,8.39E-10,0,1.31E-06,*,LGG,LINC00475 LGG,V,LINC00475,V
Brain Lower Grade Glioma,ENSG00000253187,Expression subtype ,NA,8.56E-22,Ftest,8.01E-14,8.06E-17,0,7.37E-08,0.655794491,0.703846367,3.824519857,-1.772859429,0.745967965,2.13E-06,5.32E-21,3.54E-13,0,3.43E-06,*,LGG,HOXA-AS4 LGG,V,HOXA-AS4,V
Brain Lower Grade Glioma,ENSG00000254271,Expression subtype ,NA,5.73E-21,Ftest,3.71E-17,4.04E-18,0,1.15E-08,0.595743502,0.703846367,3.935547501,-1.772859429,0.72216372,0.092157611,3.48E-20,2.45E-16,0,0.093793545,*,LGG,RP11-131N11.4 LGG,,RP11-131N11.4,V
Brain Lower Grade Glioma,ENSG00000228021,Expression subtype ,NA,3.69E-20,Ftest,4.89E-09,2.70E-16,0,6.84E-08,0.653688411,0.703846367,0.321922291,-1.772859429,0.744388405,0.000202068,2.14E-19,1.64E-08,0,0.00023326,*,LGG,RP11-383C5.3 LGG,V,RP11-383C5.3,V
Brain Lower Grade Glioma,ENSG00000224950,Expression subtype ,NA,8.57E-16,Ftest,2.77E-14,2.56E-25,0,5.10E-07,0.683838608,0.703846367,2.9695739,-1.772859429,0.755195921,0.001867475,3.91E-15,1.24E-13,0,0.002024405,*,LGG,RP5-1086K13.1 LGG,V,RP5-1086K13.1,V
Brain Lower Grade Glioma,ENSG00000255020,Expression subtype ,NA,6.55E-13,Ftest,0.000172176,1.75E-09,0,6.95E-11,0.64786898,0.703846367,0.294817194,-1.772859429,0.764645569,3.84E-09,2.70E-12,0.000328699,0,1.53E-08,*,LGG,AF131216.5 LGG,V,AF131216.5,V
Brain Lower Grade Glioma,ENSG00000261889,Expression subtype ,NA,2.68E-09,Ftest,6.97E-13,3.02E-18,0,2.86E-08,0.655739068,0.703846367,2.718258202,-1.772859429,0.731142271,0.00146946,9.15E-09,2.86E-12,0,0.001596298,*,LGG,RP11-473M20.16 LGG,V,RP11-473M20.16,V
Brain Lower Grade Glioma,ENSG00000256482,Expression subtype ,NA,3.06E-08,Ftest,1.87E-07,6.48E-08,8.32E-07,cant_calc,0.593593829,0.63502907,2.675682342,1.000292792,0.661736919,5.83E-07,9.52E-08,5.12E-07,1.34E-06,1.05E-06,*,LGG,RP11-625L16.3 LGG,V,RP11-625L16.3,V
Brain Lower Grade Glioma,ENSG00000231265,Expression subtype ,NA,5.76E-07,Ftest,2.27E-06,1.19E-06,8.32E-07,cant_calc,0.592109075,0.63502907,2.331247395,1.000292792,0.665952035,1.83E-05,1.56E-06,5.38E-06,1.34E-06,2.26E-05,*,LGG,TRERNA1 LGG,V,TRERNA1,V
Kidney renal papillary cell carcinoma,ENSG00000254039,FAT1 mutation,0.202821315,0.010847582,Ftest,NA,NA,0.116636476,0.563543149,0.755732802,0.54112662,4.620561744,2.571224039,0.754985045,1.06E-05,0.04519826,NA,0.244847564,2.31E-05,*,KIRP,RP11-304F15.6 KIRP,V,RP11-304F15.6,
Brain Lower Grade Glioma,ENSG00000215196,Gender,NA,0.008657076,Ftest,0.06040144,0.017299942,0.619314138,0.799390605,0.63491345,0.516332295,0.317284096,1.094230319,0.635366119,3.84E-09,0.014226277,0.085272621,0.658899165,1.53E-08,*,LGG,AC091878.1 LGG,V,AC091878.1,
Brain Lower Grade Glioma,ENSG00000215196,Gender,NA,0.02456713,Ftest,0.125797686,0.053061111,0.645676657,0.973252899,0.626461211,0.510313013,0.317284096,1.094799985,0.628514153,1.09E-07,0.038182648,0.167067283,0.677173079,2.69E-07,*,LGG,AC091878.1 LGG,V,AC091878.1,
Brain Lower Grade Glioma,ENSG00000215196,Grade,NA,1.64E-08,Ftest,5.75E-06,7.36E-08,2.23E-08,2.07E-07,0.626461211,0.656047725,0.317284096,3.166733664,0.709617428,1.05E-06,5.27E-08,1.30E-05,5.05E-08,1.83E-06,*,LGG,AC091878.1 LGG,V,AC091878.1,V
Brain Lower Grade Glioma,ENSG00000253187,Grade,NA,4.22E-08,Ftest,1.09E-06,1.12E-07,8.88E-16,1.36E-13,0.653708264,0.747827189,3.824519857,1.058109367,0.784312305,4.73E-10,1.29E-07,2.76E-06,2.57E-15,3.05E-09,*,LGG,HOXA-AS4 LGG,V,HOXA-AS4,V
Brain Lower Grade Glioma,ENSG00000228021,Grade,NA,1.15E-07,Ftest,0.000375998,8.63E-07,2.23E-08,2.69E-06,0.652545648,0.656047725,0.321922291,3.166733664,0.716766496,2.94E-06,3.42E-07,0.000686605,5.05E-08,4.60E-06,*,LGG,RP11-383C5.3 LGG,V,RP11-383C5.3,V
Brain Lower Grade Glioma,ENSG00000254635,Grade,NA,1.30E-07,Ftest,0.000922539,1.36E-05,2.23E-08,4.28E-06,0.664017969,0.656047725,0.273102585,3.166733664,0.727610859,2.09E-06,3.80E-07,0.001648793,5.05E-08,3.43E-06,*,LGG,WAC-AS1 LGG,V,WAC-AS1,V
Brain Lower Grade Glioma,ENSG00000239552,Grade,NA,6.93E-07,Ftest,3.89E-06,1.06E-06,8.88E-16,1.39E-12,0.662019266,0.747827189,4.584044943,1.058109367,0.776236692,4.65E-10,1.83E-06,9.01E-06,2.57E-15,3.05E-09,*,LGG,HOXB-AS2 LGG,V,HOXB-AS2,V
Brain Lower Grade Glioma,ENSG00000255020,Grade,NA,1.03E-05,Ftest,0.000108771,3.59E-06,2.23E-08,6.82E-06,0.646749106,0.656047725,0.294817194,3.166733664,0.711211477,4.32E-07,2.45E-05,0.000212482,5.05E-08,9.37E-07,*,LGG,AF131216.5 LGG,V,AF131216.5,V
Brain Lower Grade Glioma,ENSG00000254271,Grade,NA,5.12E-05,Ftest,0.000228376,7.09E-05,8.88E-16,4.85E-13,0.602520461,0.747827189,3.935547501,1.058109367,0.758473962,1.31E-05,0.00011202,0.000426302,2.57E-15,1.81E-05,*,LGG,RP11-131N11.4 LGG,V,RP11-131N11.4,V
Brain Lower Grade Glioma,ENSG00000225511,Grade,NA,0.000159978,Ftest,2.20E-06,3.18E-06,2.23E-08,3.28E-05,0.688484204,0.656047725,3.441061203,3.166733664,0.745000483,2.85E-07,0.000328879,5.25E-06,5.05E-08,6.53E-07,*,LGG,LINC00475 LGG,V,LINC00475,V
Brain Lower Grade Glioma,ENSG00000224950,Grade,NA,0.000417035,Ftest,0.000316839,5.20E-07,2.23E-08,6.68E-06,0.682035552,0.656047725,2.9695739,3.166733664,0.736812868,1.10E-05,0.000824483,0.000584934,5.05E-08,1.64E-05,*,LGG,RP5-1086K13.1 LGG,V,RP5-1086K13.1,V
Brain Lower Grade Glioma,ENSG00000256482,Grade,NA,0.000775344,Ftest,0.001586174,0.00093078,8.88E-16,0,0.593593829,0.747827189,2.675682342,1.058109367,0.777105816,5.83E-07,0.001470874,0.002719155,2.57E-15,1.05E-06,*,LGG,RP11-625L16.3 LGG,V,RP11-625L16.3,V
Brain Lower Grade Glioma,ENSG00000215196,Grade,NA,5.07E-10,Ftest,7.70E-07,2.83E-09,9.69E-11,1.64E-09,0.635429899,0.664900374,0.317284096,3.396710308,0.721155591,5.31E-08,1.82E-09,2.00E-06,2.26E-10,1.39E-07,*,LGG,AC091878.1 LGG,V,AC091878.1,V
Brain Lower Grade Glioma,ENSG00000228021,Grade,NA,2.04E-09,Ftest,1.04E-05,1.08E-08,9.69E-11,1.16E-07,0.654103001,0.664900374,0.321922291,3.396710308,0.723278772,2.12E-06,7.05E-09,2.28E-05,2.26E-10,3.43E-06,*,LGG,RP11-383C5.3 LGG,V,RP11-383C5.3,V
Brain Lower Grade Glioma,ENSG00000253187,Grade,NA,6.85E-09,Ftest,2.63E-07,2.42E-08,8.88E-16,1.36E-13,0.653708264,0.747827189,3.824519857,1.058109367,0.784312305,4.73E-10,2.29E-08,7.01E-07,2.57E-15,3.05E-09,*,LGG,HOXA-AS4 LGG,V,HOXA-AS4,V
Brain Lower Grade Glioma,ENSG00000254635,Grade,NA,9.37E-09,Ftest,7.47E-05,6.33E-07,9.69E-11,3.09E-07,0.67435488,0.664900374,0.273102585,3.396710308,0.740391246,6.64E-08,3.10E-08,0.000149347,2.26E-10,1.71E-07,*,LGG,WAC-AS1 LGG,V,WAC-AS1,V
Kidney renal clear cell carcinoma,ENSG00000259023,Grade,NA,9.67E-09,Ftest,1.65E-07,4.22E-09,2.44E-07,3.22E-07,0.604397828,0.615541216,2.56548258,1.035971895,0.671008143,3.36E-08,2.32E-07,3.95E-06,5.33E-07,1.08E-07,*,KIRC,LINC00524 KIRC,V,LINC00524,V
Brain Lower Grade Glioma,ENSG00000239552,Grade,NA,4.86E-07,Ftest,4.25E-06,1.01E-06,8.88E-16,1.39E-12,0.662019266,0.747827189,4.584044943,1.058109367,0.776236692,4.65E-10,1.33E-06,9.77E-06,2.57E-15,3.05E-09,*,LGG,HOXB-AS2 LGG,V,HOXB-AS2,V
Brain Lower Grade Glioma,ENSG00000255020,Grade,NA,6.65E-07,Ftest,3.49E-05,4.92E-07,9.69E-11,6.52E-08,0.646680942,0.664900374,0.294817194,3.396710308,0.723641709,7.39E-08,1.77E-06,7.24E-05,2.26E-10,1.90E-07,*,LGG,AF131216.5 LGG,V,AF131216.5,V
Brain Lower Grade Glioma,ENSG00000254271,Grade,NA,7.26E-06,Ftest,3.72E-05,1.09E-05,8.88E-16,4.85E-13,0.602520461,0.747827189,3.935547501,1.058109367,0.758473962,1.31E-05,1.75E-05,7.63E-05,2.57E-15,1.81E-05,*,LGG,RP11-131N11.4 LGG,V,RP11-131N11.4,V
Brain Lower Grade Glioma,ENSG00000225511,Grade,NA,2.86E-05,Ftest,1.89E-06,8.74E-07,9.69E-11,8.39E-08,0.682702428,0.664900374,3.441061203,3.396710308,0.745563097,3.37E-08,6.44E-05,4.57E-06,2.26E-10,9.61E-08,*,LGG,LINC00475 LGG,V,LINC00475,V
Kidney renal clear cell carcinoma,ENSG00000273272,Grade,NA,2.36E-05,Ftest,2.73E-06,1.39E-10,2.16E-12,1.35E-06,0.614041113,0.64317078,2.863226276,1.400507279,0.684712751,2.02E-05,0.000226241,3.28E-05,2.07E-11,2.94E-05,*,KIRC,CTA-384D8.34 KIRC,V,CTA-384D8.34,V
Brain Lower Grade Glioma,ENSG00000224950,Grade,NA,0.000158073,Ftest,0.000155071,9.70E-08,9.69E-11,7.56E-08,0.673501978,0.664900374,2.9695739,3.396710308,0.739774253,2.83E-06,0.000326262,0.000297736,2.26E-10,4.44E-06,*,LGG,RP5-1086K13.1 LGG,V,RP5-1086K13.1,V
Brain Lower Grade Glioma,ENSG00000256482,Grade,NA,0.001302156,Ftest,0.002383438,0.00155125,8.88E-16,0,0.593593829,0.747827189,2.675682342,1.058109367,0.777105816,5.83E-07,0.002416951,0.004024298,2.57E-15,1.05E-06,*,LGG,RP11-625L16.3 LGG,V,RP11-625L16.3,V
Kidney renal clear cell carcinoma,ENSG00000261504,Grade,NA,0.000555582,Ftest,0.01764147,0.000290314,2.16E-12,2.72E-08,0.616800765,0.64317078,2.311651288,1.400507279,0.68758279,1.49E-07,0.003809708,0.08841056,2.07E-11,3.96E-07,*,KIRC,RP11-317P15.4 KIRC,V,RP11-317P15.4,V
Kidney renal clear cell carcinoma,ENSG00000227398,Grade,NA,0.002479914,Ftest,0.012437157,0.003382283,2.16E-12,4.98E-08,0.603701614,0.64317078,2.239321002,1.400507279,0.687251631,6.32E-06,0.013226208,0.08841056,2.07E-11,1.12E-05,*,KIRC,KIF9-AS1 KIRC,V,KIF9-AS1,V
Brain Lower Grade Glioma,ENSG00000261889,Grade,NA,0.025346841,Ftest,0.045280512,0.002750741,9.69E-11,1.81E-10,0.65393968,0.664900374,2.718258202,3.396710308,0.737959569,1.11E-07,0.039276185,0.065297219,2.26E-10,2.72E-07,*,LGG,RP11-473M20.16 LGG,V,RP11-473M20.16,V
Kidney renal papillary cell carcinoma,ENSG00000258673,Height,-0.321017499,0.004161712,Ftest,NA,NA,0.012987668,cant_calc,0.756480558,0.701884253,4.604690286,0.940507155,0.796096904,0.043781537,0.023843139,NA,0.044093935,0.047030948,*,KIRP,RP4-773N10.6 KIRP,V,RP4-773N10.6,V
Breast invasive carcinoma,ENSG00000257845,HER2 Status,NA,1.45E-07,Ftest,2.28E-07,4.16E-07,0.963617082,0.994031933,0.542596616,0.516623873,1.940261196,-0.201985587,0.549838699,0.005940044,3.04E-05,2.55E-05,0.988865173,0.022543539,*,BRCA,RP11-626P14.1 BRCA,V,RP11-626P14.1,
Breast invasive carcinoma,ENSG00000266850,HER2 Status,NA,3.15E-07,Ftest,0.000279988,1.14E-07,0.963617082,0.969770699,0.547139377,0.516623873,0.514331267,-0.201985587,0.542991639,0.013950179,4.24E-05,0.009407611,0.988865173,0.031500404,*,BRCA,RP11-370A5.1 BRCA,V,RP11-370A5.1,
Breast invasive carcinoma,ENSG00000254302,HER2 Status,NA,0.000767252,Ftest,0.013640897,0.004933032,7.23E-06,cant_calc,0.538690719,0.633254652,1.778985749,1.032000252,0.650944173,0.011162141,0.015081294,0.147849725,1.24E-05,0.031320576,*,BRCA,RP11-431M3.1 BRCA,V,RP11-431M3.1,V
Breast invasive carcinoma,ENSG00000228027,HER2 Status,NA,0.000873123,Ftest,0.001119992,0.001003552,7.23E-06,cant_calc,0.513726771,0.633254652,2.652600148,1.032000252,0.629645386,0.079453911,0.01664226,0.026879805,1.24E-05,0.096076706,*,BRCA,RP1-251M9.3 BRCA,,RP1-251M9.3,V
Breast invasive carcinoma,ENSG00000243926,HER2 Status,NA,0.001063197,Ftest,0.001022782,0.000871772,0.963617082,0.984393593,0.584847587,0.516623873,0.543875591,-0.201985587,0.581177168,0.001263714,0.018797103,0.026879805,0.988865173,0.011922965,*,BRCA,TIPARP-AS1 BRCA,V,TIPARP-AS1,
Brain Lower Grade Glioma,ENSG00000215196,Histology,NA,1.38E-16,Ftest,2.28E-16,1.04E-19,0.026482001,0.842752282,0.626461211,0.5974302,0.317284096,-0.589940905,0.648729591,3.13E-06,6.85E-16,1.35E-15,0.034161781,4.88E-06,*,LGG,AC091878.1 LGG,V,AC091878.1,V
Brain Lower Grade Glioma,ENSG00000228021,Histology,NA,1.99E-07,Ftest,1.78E-06,7.42E-09,0.026482001,0.488502278,0.652545648,0.5974302,0.321922291,-0.589940905,0.681721573,3.82E-07,5.67E-07,4.33E-06,0.034161781,8.39E-07,*,LGG,RP11-383C5.3 LGG,V,RP11-383C5.3,V
Brain Lower Grade Glioma,ENSG00000254635,Histology,NA,9.52E-07,Ftest,2.34E-07,2.46E-07,0.026482001,0.374520417,0.664017969,0.5974302,0.273102585,-0.589940905,0.689305381,1.31E-07,2.48E-06,6.33E-07,0.034161781,3.08E-07,*,LGG,WAC-AS1 LGG,V,WAC-AS1,V
Brain Lower Grade Glioma,ENSG00000239552,Histology,NA,1.39E-05,Ftest,9.87E-05,3.07E-05,8.88E-16,1.39E-12,0.662019266,0.747827189,4.584044943,1.058109367,0.776236692,4.65E-10,3.23E-05,0.000195041,2.57E-15,3.05E-09,*,LGG,HOXB-AS2 LGG,V,HOXB-AS2,V
Brain Lower Grade Glioma,ENSG00000253187,Histology,NA,5.45E-05,Ftest,0.000222983,6.09E-05,8.88E-16,1.36E-13,0.653708264,0.747827189,3.824519857,1.058109367,0.784312305,4.73E-10,0.000118699,0.00041856,2.57E-15,3.05E-09,*,LGG,HOXA-AS4 LGG,V,HOXA-AS4,V
Brain Lower Grade Glioma,ENSG00000225511,Histology,NA,6.74E-05,Ftest,0.004628963,8.83E-06,0.026482001,0.126385622,0.688484204,0.5974302,3.441061203,-0.589940905,0.729953628,7.99E-10,0.000144884,0.007624174,0.034161781,3.93E-09,*,LGG,LINC00475 LGG,V,LINC00475,V
Brain Lower Grade Glioma,ENSG00000256482,Histology,NA,0.015116451,Ftest,0.018070164,0.017526765,8.88E-16,0,0.593593829,0.747827189,2.675682342,1.058109367,0.777105816,5.83E-07,0.024299341,0.027349438,2.57E-15,1.05E-06,*,LGG,RP11-625L16.3 LGG,V,RP11-625L16.3,V
Brain Lower Grade Glioma,ENSG00000224950,Histology,NA,0.023873763,Ftest,1.15E-06,5.08E-07,0.026482001,0.374434806,0.682035552,0.5974302,2.9695739,-0.589940905,0.706381026,4.34E-07,0.037217105,2.85E-06,0.034161781,9.37E-07,*,LGG,RP5-1086K13.1 LGG,V,RP5-1086K13.1,V
Brain Lower Grade Glioma,ENSG00000231265,Histology,NA,0.028400838,Ftest,0.024912476,0.02751309,8.88E-16,2.22E-16,0.592109075,0.747827189,2.331247395,1.058109367,0.774607083,1.83E-05,0.043615573,0.036874855,2.57E-15,2.26E-05,*,LGG,TRERNA1 LGG,V,TRERNA1,V
Brain Lower Grade Glioma,ENSG00000255020,Histology,NA,0.040315159,Ftest,0.01199257,0.007712279,0.026482001,0.228174441,0.646749106,0.5974302,0.294817194,-0.589940905,0.685899913,1.03E-08,0.059777649,0.018868287,0.034161781,3.68E-08,*,LGG,AF131216.5 LGG,V,AF131216.5,V
Brain Lower Grade Glioma,ENSG00000261889,Histology,NA,0.066137111,Ftest,0.023074306,0.000681141,0.026482001,0.080137927,0.666964544,0.5974302,2.718258202,-0.589940905,0.698676456,3.09E-07,0.094533931,0.03445763,0.034161781,7.04E-07,*,LGG,RP11-473M20.16 LGG,V,RP11-473M20.16,V
Brain Lower Grade Glioma,ENSG00000239552,IDH Status,NA,5.34E-46,Ftest,3.17E-30,2.98E-35,0,1.84E-10,0.662745748,0.732291437,4.584044943,6.458838418,0.752724394,0.001404871,9.83E-45,9.68E-29,0,0.001532587,*,LGG,HOXB-AS2 LGG,V,HOXB-AS2,V
Brain Lower Grade Glioma,ENSG00000254635,IDH Status,NA,1.35E-45,Ftest,7.97E-18,2.05E-28,0,8.88E-13,0.675649805,0.732291437,0.273102585,6.458838418,0.771242913,3.71E-05,2.18E-44,5.58E-17,0,4.50E-05,*,LGG,WAC-AS1 LGG,V,WAC-AS1,V
Brain Lower Grade Glioma,ENSG00000225511,IDH Status,NA,9.41E-42,Ftest,7.97E-18,1.49E-32,0,5.66E-15,0.68284736,0.732291437,3.441061203,6.458838418,0.771242913,9.14E-07,1.13E-40,5.58E-17,0,1.61E-06,*,LGG,LINC00475 LGG,V,LINC00475,V
Brain Lower Grade Glioma,ENSG00000253187,IDH Status,NA,5.11E-25,Ftest,3.17E-16,7.18E-20,0,5.66E-15,0.65490391,0.732291437,3.824519857,6.458838418,0.765425963,3.60E-07,3.51E-24,1.84E-15,0,8.04E-07,*,LGG,HOXA-AS4 LGG,V,HOXA-AS4,V
Brain Lower Grade Glioma,ENSG00000228021,IDH Status,NA,3.43E-20,Ftest,2.58E-12,2.54E-19,0,4.43E-14,0.654038731,0.732291437,0.321922291,6.458838418,0.760142847,0.000203062,2.03E-19,1.03E-11,0,0.000233884,*,LGG,RP11-383C5.3 LGG,V,RP11-383C5.3,V
Brain Lower Grade Glioma,ENSG00000254271,IDH Status,NA,5.34E-19,Ftest,5.77E-16,2.29E-17,7.05E-07,cant_calc,0.602520461,0.688974884,3.935547501,8.160777699,0.722095758,1.31E-05,2.99E-18,3.13E-15,1.25E-06,1.81E-05,*,LGG,RP11-131N11.4 LGG,V,RP11-131N11.4,V
Brain Lower Grade Glioma,ENSG00000255020,IDH Status,NA,7.21E-19,Ftest,2.36E-08,2.34E-14,0,2.65E-14,0.648461085,0.732291437,0.294817194,6.458838418,0.783116118,4.40E-06,4.00E-18,7.41E-08,0,6.74E-06,*,LGG,AF131216.5 LGG,V,AF131216.5,V
Brain Lower Grade Glioma,ENSG00000224950,IDH Status,NA,7.81E-18,Ftest,7.81E-16,3.14E-27,0,7.94E-13,0.673901038,0.732291437,2.9695739,6.458838418,0.772826007,0.006360135,4.19E-17,4.10E-15,0,0.006725061,*,LGG,RP5-1086K13.1 LGG,V,RP5-1086K13.1,V
Brain Lower Grade Glioma,ENSG00000215196,IDH Status,NA,8.37E-16,Ftest,9.73E-07,1.47E-10,0,0,0.636127678,0.732291437,0.317284096,6.458838418,0.766475223,1.52E-08,3.86E-15,2.48E-06,0,5.22E-08,*,LGG,AC091878.1 LGG,V,AC091878.1,V
Brain Lower Grade Glioma,ENSG00000256482,IDH Status,NA,2.20E-09,Ftest,1.63E-08,4.50E-09,7.05E-07,cant_calc,0.593593829,0.688974884,2.675682342,8.160777699,0.715646104,5.83E-07,7.57E-09,5.28E-08,1.25E-06,1.05E-06,*,LGG,RP11-625L16.3 LGG,V,RP11-625L16.3,V
Brain Lower Grade Glioma,ENSG00000231265,IDH Status,NA,3.53E-06,Ftest,1.45E-05,4.87E-06,7.05E-07,cant_calc,0.592109075,0.688974884,2.331247395,8.160777699,0.705554291,1.83E-05,8.81E-06,3.14E-05,1.25E-06,2.26E-05,*,LGG,TRERNA1 LGG,V,TRERNA1,V
Brain Lower Grade Glioma,ENSG00000261889,IDH Status,NA,2.73E-05,Ftest,2.96E-07,6.17E-11,0,1.11E-16,0.653247184,0.732291437,2.718258202,6.458838418,0.772770783,1.98E-05,6.21E-05,7.84E-07,0,2.44E-05,*,LGG,RP11-473M20.16 LGG,V,RP11-473M20.16,V
Brain Lower Grade Glioma,ENSG00000254635,Immune infiltration (ESTIMATE),-0.386777042,0,Ftest,NA,NA,7.49E-08,cant_calc,0.674911277,0.649273256,0.273102585,1.000500427,0.71875,2.49E-06,0,NA,1.61E-07,3.92E-06,*,LGG,WAC-AS1 LGG,V,WAC-AS1,V
Brain Lower Grade Glioma,ENSG00000228021,Immune infiltration (ESTIMATE),-0.433487955,0,Ftest,NA,NA,7.49E-08,cant_calc,0.653581517,0.649273256,0.321922291,1.000500427,0.700508721,2.49E-09,0,NA,1.61E-07,1.06E-08,*,LGG,RP11-383C5.3 LGG,V,RP11-383C5.3,V
Brain Lower Grade Glioma,ENSG00000224950,Immune infiltration (ESTIMATE),0.475121179,0,Ftest,NA,NA,7.49E-08,cant_calc,0.674024046,0.649273256,2.9695739,1.000500427,0.711918605,4.78E-08,0,NA,1.61E-07,1.26E-07,*,LGG,RP5-1086K13.1 LGG,V,RP5-1086K13.1,V
Brain Lower Grade Glioma,ENSG00000215196,Immune infiltration (ESTIMATE),-0.651515839,0,Ftest,NA,NA,7.49E-08,cant_calc,0.63491345,0.649273256,0.317284096,1.000500427,0.677398256,6.32E-06,0,NA,1.61E-07,9.51E-06,*,LGG,AC091878.1 LGG,V,AC091878.1,V
Brain Lower Grade Glioma,ENSG00000261889,Immune infiltration (ESTIMATE),0.365266774,0,Ftest,NA,NA,7.49E-08,cant_calc,0.654468748,0.649273256,2.718258202,1.000500427,0.705850291,0.000371312,0,NA,1.61E-07,0.000418334,*,LGG,RP11-473M20.16 LGG,V,RP11-473M20.16,V
Brain Lower Grade Glioma,ENSG00000225511,Immune infiltration (ESTIMATE),0.317326052,3.14E-13,Ftest,NA,NA,7.49E-08,cant_calc,0.68215398,0.649273256,3.441061203,1.000500427,0.73775436,3.48E-08,1.34E-12,NA,1.61E-07,9.61E-08,*,LGG,LINC00475 LGG,V,LINC00475,V
Brain Lower Grade Glioma,ENSG00000231265,Immune infiltration (ESTIMATE),0.312691713,7.17E-13,Ftest,NA,NA,7.49E-08,cant_calc,0.592109075,0.649273256,2.331247395,1.000500427,0.674382267,1.83E-05,2.94E-12,NA,1.61E-07,2.26E-05,*,LGG,TRERNA1 LGG,V,TRERNA1,V
Brain Lower Grade Glioma,ENSG00000253187,Immune infiltration (ESTIMATE),0.304849711,2.81E-12,Ftest,NA,NA,7.49E-08,cant_calc,0.653708264,0.649273256,3.824519857,1.000500427,0.711337209,4.17E-10,1.13E-11,NA,1.61E-07,3.05E-09,*,LGG,HOXA-AS4 LGG,V,HOXA-AS4,V
Brain Lower Grade Glioma,ENSG00000239552,Immune infiltration (ESTIMATE),0.265381279,1.49E-09,Ftest,NA,NA,7.49E-08,cant_calc,0.662019266,0.649273256,4.584044943,1.000500427,0.705123547,6.12E-10,5.18E-09,NA,1.61E-07,3.36E-09,*,LGG,HOXB-AS2 LGG,V,HOXB-AS2,V
Brain Lower Grade Glioma,ENSG00000256482,Immune infiltration (ESTIMATE),0.194860697,1.07E-05,Ftest,NA,NA,7.49E-08,cant_calc,0.593593829,0.649273256,2.675682342,1.000500427,0.671293605,5.83E-07,2.54E-05,NA,1.61E-07,1.05E-06,*,LGG,RP11-625L16.3 LGG,V,RP11-625L16.3,V
Brain Lower Grade Glioma,ENSG00000254271,Immune infiltration (ESTIMATE),0.163229618,0.000236515,Ftest,NA,NA,7.49E-08,cant_calc,0.602520461,0.649273256,3.935547501,1.000500427,0.688880814,2.10E-06,0.000478595,NA,1.61E-07,3.43E-06,*,LGG,RP11-131N11.4 LGG,V,RP11-131N11.4,V
Brain Lower Grade Glioma,ENSG00000254635,Karnofsky Performance Score,0.160891016,0.009635868,Ftest,NA,NA,1.31E-05,cant_calc,0.674911277,0.689162067,0.273102585,0.960201307,0.733630206,8.37E-09,0.015635559,NA,2.02E-05,3.02E-08,*,LGG,WAC-AS1 LGG,V,WAC-AS1,V
Brain Lower Grade Glioma,ENSG00000254635,MGMT Promoter Status,NA,3.66E-15,Ftest,1.11E-10,1.99E-13,6.21E-07,0.001230854,0.674911277,0.629137394,0.273102585,2.559021882,0.722169914,2.93E-09,1.66E-14,4.16E-10,1.23E-06,1.21E-08,*,LGG,WAC-AS1 LGG,V,WAC-AS1,V
Brain Lower Grade Glioma,ENSG00000225511,MGMT Promoter Status,NA,4.25E-12,Ftest,1.43E-05,1.52E-10,6.21E-07,1.81E-05,0.68215398,0.629137394,3.441061203,2.559021882,0.732237271,1.16E-10,1.69E-11,3.11E-05,1.23E-06,2.49E-09,*,LGG,LINC00475 LGG,V,LINC00475,V
Brain Lower Grade Glioma,ENSG00000228021,MGMT Promoter Status,NA,3.24E-10,Ftest,1.31E-07,1.63E-11,6.21E-07,0.006252015,0.653581517,0.629137394,0.321922291,2.559021882,0.703610487,1.39E-06,1.18E-09,3.63E-07,1.23E-06,2.41E-06,*,LGG,RP11-383C5.3 LGG,V,RP11-383C5.3,V
Brain Lower Grade Glioma,ENSG00000239552,MGMT Promoter Status,NA,1.67E-07,Ftest,7.30E-05,2.83E-06,0,1.84E-10,0.662745748,0.732291437,4.584044943,6.458838418,0.752724394,0.001404871,4.81E-07,0.000146892,0,0.001532587,*,LGG,HOXB-AS2 LGG,V,HOXB-AS2,V
Brain Lower Grade Glioma,ENSG00000224950,MGMT Promoter Status,NA,1.72E-07,Ftest,1.31E-07,1.80E-11,6.21E-07,0.001001199,0.674024046,0.629137394,2.9695739,2.559021882,0.722043167,4.16E-07,4.92E-07,3.63E-07,1.23E-06,9.09E-07,*,LGG,RP5-1086K13.1 LGG,V,RP5-1086K13.1,V
Brain Lower Grade Glioma,ENSG00000255020,MGMT Promoter Status,NA,1.87E-06,Ftest,0.046167335,0.000582506,6.21E-07,8.21E-06,0.647207938,0.629137394,0.294817194,2.559021882,0.708553632,1.21E-10,4.72E-06,0.066291558,1.23E-06,2.49E-09,*,LGG,AF131216.5 LGG,V,AF131216.5,V
Brain Lower Grade Glioma,ENSG00000253187,MGMT Promoter Status,NA,4.33E-06,Ftest,0.000435996,4.38E-05,0,5.66E-15,0.65490391,0.732291437,3.824519857,6.458838418,0.765425963,3.60E-07,1.06E-05,0.000791862,0,8.04E-07,*,LGG,HOXA-AS4 LGG,V,HOXA-AS4,V
Brain Lower Grade Glioma,ENSG00000215196,MGMT Promoter Status,NA,6.88E-05,Ftest,0.001541691,4.85E-05,6.21E-07,9.71E-07,0.63491345,0.629137394,0.317284096,2.559021882,0.696548852,5.08E-10,0.000146635,0.002656453,1.23E-06,3.24E-09,*,LGG,AC091878.1 LGG,V,AC091878.1,V
Brain Lower Grade Glioma,ENSG00000254271,MGMT Promoter Status,NA,0.000184183,Ftest,0.000366765,0.000183722,7.05E-07,cant_calc,0.602520461,0.688974884,3.935547501,8.160777699,0.722095758,1.31E-05,0.000377137,0.000673405,1.25E-06,1.81E-05,*,LGG,RP11-131N11.4 LGG,V,RP11-131N11.4,V
Brain Lower Grade Glioma,ENSG00000231265,MGMT Promoter Status,NA,0.000494249,Ftest,0.001006317,0.000482296,7.05E-07,cant_calc,0.592109075,0.688974884,2.331247395,8.160777699,0.705554291,1.83E-05,0.000966031,0.001789008,1.25E-06,2.26E-05,*,LGG,TRERNA1 LGG,V,TRERNA1,V
Brain Lower Grade Glioma,ENSG00000261889,MGMT Promoter Status,NA,0.00358254,Ftest,0.000277052,1.45E-05,6.21E-07,0.000162713,0.654468748,0.629137394,2.718258202,2.559021882,0.710038386,1.25E-06,0.006203324,0.000514306,1.23E-06,2.16E-06,*,LGG,RP11-473M20.16 LGG,V,RP11-473M20.16,V
Brain Lower Grade Glioma,ENSG00000256482,MGMT Promoter Status,NA,0.004494673,Ftest,0.008004794,0.004628197,7.05E-07,cant_calc,0.593593829,0.688974884,2.675682342,8.160777699,0.715646104,5.83E-07,0.007705153,0.012807671,1.25E-06,1.05E-06,*,LGG,RP11-625L16.3 LGG,V,RP11-625L16.3,V
Stomach adenocarcinoma,ENSG00000240449,Molecular Subtype,NA,0.001666419,Ftest,0.025173552,0.000680535,0.700696649,0.807100005,0.582622227,0.536994278,0.495226747,0.023628182,0.591004919,0.014866112,0.035501975,0.183698894,0.785909908,0.037165281,*,STAD,RP4-584D14.5 STAD,V,RP4-584D14.5,
Stomach adenocarcinoma,ENSG00000228623,Molecular Subtype,NA,0.001986703,Ftest,0.005299136,0.004222655,0.700696649,0.933384829,0.594920189,0.536994278,1.870787073,0.023628182,0.603503664,0.000642806,0.037441705,0.084932378,0.785909908,0.004436264,*,STAD,ZNF883 STAD,V,ZNF883,
Brain Lower Grade Glioma,ENSG00000254635,Molecular Subtype,NA,1.73E-45,Ftest,5.89E-21,1.97E-29,0,8.70E-12,0.675649805,0.736433252,0.273102585,2.10943163,0.768665783,0.00012159,2.70E-44,6.60E-20,0,0.000142917,*,LGG,WAC-AS1 LGG,V,WAC-AS1,V
Brain Lower Grade Glioma,ENSG00000239552,Molecular Subtype,NA,5.65E-44,Ftest,2.03E-29,1.30E-33,8.32E-07,cant_calc,0.662019266,0.63502907,4.584044943,1.000292792,0.7,6.12E-10,7.47E-43,5.25E-28,1.34E-06,3.36E-09,*,LGG,HOXB-AS2 LGG,V,HOXB-AS2,V
Brain Lower Grade Glioma,ENSG00000225511,Molecular Subtype,NA,2.21E-38,Ftest,3.50E-18,1.49E-31,0,1.85E-14,0.68284736,0.736433252,3.441061203,2.10943163,0.776047419,8.67E-07,2.29E-37,2.68E-17,0,1.54E-06,*,LGG,LINC00475 LGG,V,LINC00475,V
Brain Lower Grade Glioma,ENSG00000215196,Molecular Subtype,NA,1.06E-30,Ftest,3.93E-28,9.96E-31,0,1.11E-16,0.636127678,0.736433252,0.317284096,2.10943163,0.769291657,1.47E-07,9.40E-30,8.25E-27,0,3.44E-07,*,LGG,AC091878.1 LGG,V,AC091878.1,V
Brain Lower Grade Glioma,ENSG00000228021,Molecular Subtype,NA,1.04E-29,Ftest,8.82E-21,1.79E-29,0,7.51E-13,0.654038731,0.736433252,0.321922291,2.10943163,0.757142331,0.001153302,8.95E-29,8.98E-20,0,0.001268878,*,LGG,RP11-383C5.3 LGG,V,RP11-383C5.3,V
Brain Lower Grade Glioma,ENSG00000253187,Molecular Subtype,NA,4.11E-26,Ftest,4.13E-18,4.94E-21,8.32E-07,cant_calc,0.653708264,0.63502907,3.824519857,1.000292792,0.701998547,4.17E-10,2.94E-25,3.08E-17,1.34E-06,3.05E-09,*,LGG,HOXA-AS4 LGG,V,HOXA-AS4,V
Brain Lower Grade Glioma,ENSG00000255020,Molecular Subtype,NA,4.55E-20,Ftest,1.97E-12,1.11E-16,0,4.89E-13,0.648461085,0.736433252,0.294817194,2.10943163,0.779802665,2.59E-05,2.58E-19,7.96E-12,0,3.17E-05,*,LGG,AF131216.5 LGG,V,AF131216.5,V
Brain Lower Grade Glioma,ENSG00000254271,Molecular Subtype,NA,1.00E-17,Ftest,1.97E-15,3.55E-16,8.32E-07,cant_calc,0.602520461,0.63502907,3.935547501,1.000292792,0.679651163,2.10E-06,5.29E-17,9.73E-15,1.34E-06,3.43E-06,*,LGG,RP11-131N11.4 LGG,V,RP11-131N11.4,V
Brain Lower Grade Glioma,ENSG00000224950,Molecular Subtype,NA,1.99E-16,Ftest,3.83E-16,6.42E-27,0,2.20E-12,0.673901038,0.736433252,2.9695739,2.10943163,0.770267285,0.005433953,9.68E-16,2.18E-15,0,0.005769382,*,LGG,RP5-1086K13.1 LGG,V,RP5-1086K13.1,V
Brain Lower Grade Glioma,ENSG00000256482,Molecular Subtype,NA,1.98E-08,Ftest,4.25E-08,3.92E-08,8.32E-07,cant_calc,0.593593829,0.63502907,2.675682342,1.000292792,0.661736919,5.83E-07,6.30E-08,1.29E-07,1.34E-06,1.05E-06,*,LGG,RP11-625L16.3 LGG,V,RP11-625L16.3,V
Brain Lower Grade Glioma,ENSG00000231265,Molecular Subtype,NA,7.53E-07,Ftest,1.43E-06,1.16E-06,8.32E-07,cant_calc,0.592109075,0.63502907,2.331247395,1.000292792,0.665952035,1.83E-05,1.98E-06,3.50E-06,1.34E-06,2.26E-05,*,LGG,TRERNA1 LGG,V,TRERNA1,V
Brain Lower Grade Glioma,ENSG00000261889,Molecular Subtype,NA,2.57E-05,Ftest,1.42E-07,2.88E-11,0,4.44E-16,0.653247184,0.736433252,2.718258202,2.10943163,0.773930491,2.37E-05,5.90E-05,3.90E-07,0,2.91E-05,*,LGG,RP11-473M20.16 LGG,V,RP11-473M20.16,V
Stomach adenocarcinoma,ENSG00000228623,MSI status,NA,0.000167968,Ftest,0.00230156,0.000365927,0.522007128,0.914235919,0.594920189,0.529163739,1.870787073,0.212158551,0.600291135,0.000663971,0.010288019,0.048716655,0.678654897,0.00451869,*,STAD,ZNF883 STAD,V,ZNF883,
Stomach adenocarcinoma,ENSG00000240449,MSI status,NA,0.001904488,Ftest,0.018051489,0.000771981,0.522007128,0.645232328,0.582622227,0.529163739,0.495226747,0.212158551,0.59205903,0.014097072,0.03732797,0.143350058,0.678654897,0.035976902,*,STAD,RP4-584D14.5 STAD,V,RP4-584D14.5,
Brain Lower Grade Glioma,ENSG00000225511,Mutation Count,0.354890657,2.22E-16,Ftest,NA,NA,0.158574754,cant_calc,0.68215398,0.241808409,3.441061203,0.999755722,0.579394006,1.95E-10,1.06E-15,NA,0.181027816,3.05E-09,*,LGG,LINC00475 LGG,V,LINC00475,
Brain Lower Grade Glioma,ENSG00000239552,Mutation Count,0.351303697,4.44E-16,Ftest,NA,NA,0.158574754,cant_calc,0.662019266,0.241808409,4.584044943,0.999755722,0.546130624,4.65E-10,2.06E-15,NA,0.181027816,3.05E-09,*,LGG,HOXB-AS2 LGG,V,HOXB-AS2,
Brain Lower Grade Glioma,ENSG00000253187,Mutation Count,0.338582422,5.77E-15,Ftest,NA,NA,0.158574754,cant_calc,0.653708264,0.241808409,3.824519857,0.999755722,0.536521611,4.73E-10,2.59E-14,NA,0.181027816,3.05E-09,*,LGG,HOXA-AS4 LGG,V,HOXA-AS4,
Brain Lower Grade Glioma,ENSG00000215196,Mutation Count,-0.330793857,2.62E-14,Ftest,NA,NA,0.158574754,cant_calc,0.63491345,0.241808409,0.317284096,0.999755722,0.519917532,1.09E-07,1.15E-13,NA,0.181027816,2.69E-07,*,LGG,AC091878.1 LGG,V,AC091878.1,
Brain Lower Grade Glioma,ENSG00000255020,Mutation Count,-0.300908471,5.49E-12,Ftest,NA,NA,0.158574754,cant_calc,0.647207938,0.241808409,0.294817194,0.999755722,0.537442015,7.66E-10,2.16E-11,NA,0.181027816,3.80E-09,*,LGG,AF131216.5 LGG,V,AF131216.5,
Brain Lower Grade Glioma,ENSG00000254271,Mutation Count,0.276906655,2.63E-10,Ftest,NA,NA,0.158574754,cant_calc,0.602520461,0.241808409,3.935547501,0.999755722,0.447297695,1.31E-05,9.64E-10,NA,0.181027816,1.81E-05,*,LGG,RP11-131N11.4 LGG,V,RP11-131N11.4,
Brain Lower Grade Glioma,ENSG00000224950,Mutation Count,0.242149,3.81E-08,Ftest,NA,NA,0.158574754,cant_calc,0.674024046,0.241808409,2.9695739,0.999755722,0.564888447,3.38E-08,1.18E-07,NA,0.181027816,9.61E-08,*,LGG,RP5-1086K13.1 LGG,V,RP5-1086K13.1,
Brain Lower Grade Glioma,ENSG00000254635,Mutation Count,-0.204903609,3.60E-06,Ftest,NA,NA,0.158574754,cant_calc,0.674911277,0.241808409,0.273102585,0.999755722,0.565772034,8.37E-09,8.93E-06,NA,0.181027816,3.02E-08,*,LGG,WAC-AS1 LGG,V,WAC-AS1,
Brain Lower Grade Glioma,ENSG00000228021,Mutation Count,-0.16206551,0.000262379,Ftest,NA,NA,0.158574754,cant_calc,0.653581517,0.241808409,0.321922291,0.999755722,0.542412194,2.02E-08,0.000528859,NA,0.181027816,6.41E-08,*,LGG,RP11-383C5.3 LGG,V,RP11-383C5.3,
Brain Lower Grade Glioma,ENSG00000261889,Mutation Count,0.135023731,0.002408226,Ftest,NA,NA,0.158574754,cant_calc,0.654468748,0.241808409,2.718258202,0.999755722,0.532379795,1.22E-07,0.004299809,NA,0.181027816,2.92E-07,*,LGG,RP11-473M20.16 LGG,V,RP11-473M20.16,
Brain Lower Grade Glioma,ENSG00000256482,Mutation Count,0.105210116,0.01826015,Ftest,NA,NA,0.158574754,cant_calc,0.593593829,0.241808409,2.675682342,0.999755722,0.405824313,5.83E-07,0.028991499,NA,0.181027816,1.05E-06,*,LGG,RP11-625L16.3 LGG,V,RP11-625L16.3,
Breast invasive carcinoma,ENSG00000266850,PAM50,NA,1.14E-09,Ftest,0.007089332,7.84E-06,0.01213749,0.022153689,0.585651054,0.574222105,0.514331267,0.211186875,0.610953293,0.007790721,7.20E-07,0.091615983,0.01902144,0.026530562,*,BRCA,RP11-370A5.1 BRCA,V,RP11-370A5.1,V
Breast invasive carcinoma,ENSG00000249937,PAM51,NA,2.04E-06,Ftest,9.09E-07,9.60E-07,0.01213749,0.030802463,0.521338442,0.574222105,1.71980236,0.211186875,0.581059655,0.214197231,0.000180114,7.26E-05,0.01902144,0.217652025,*,BRCA,RP11-454P21.1 BRCA,,RP11-454P21.1,V
Breast invasive carcinoma,ENSG00000254302,PAM52,NA,4.71E-06,Ftest,3.84E-05,1.49E-05,2.06E-07,cant_calc,0.538690719,0.724488115,1.778985749,0.999445852,0.726423121,0.011162141,0.00029619,0.001843565,1.53E-06,0.031320576,*,BRCA,RP11-431M3.1 BRCA,V,RP11-431M3.1,V
Breast invasive carcinoma,ENSG00000237870,PAM53,NA,6.59E-06,Ftest,1.08E-06,2.93E-08,0.01213749,0.016531582,0.546970998,0.574222105,1.79551717,0.211186875,0.594371408,0.126358201,0.000345292,7.26E-05,0.01902144,0.137488198,*,BRCA,AC073130.1 BRCA,,AC073130.1,V
Breast invasive carcinoma,ENSG00000243926,PAM54,NA,8.39E-05,Ftest,0.00129465,0.000229324,0.01213749,0.036765555,0.544691815,0.574222105,0.543875591,0.211186875,0.591167338,0.145029945,0.002930937,0.029000155,0.01902144,0.154862484,*,BRCA,TIPARP-AS1 BRCA,,TIPARP-AS1,V
Breast invasive carcinoma,ENSG00000224525,PAM55,NA,0.00011731,Ftest,0.000184536,3.10E-05,2.06E-07,cant_calc,0.577068539,0.724488115,0.545501276,0.999445852,0.732818247,0.049162936,0.003689413,0.006889343,1.53E-06,0.068675498,*,BRCA,RP11-561I11.3 BRCA,,RP11-561I11.3,V
Breast invasive carcinoma,ENSG00000233452,PAM56,NA,0.003511725,Ftest,0.054198357,0.003814338,0.01213749,0.013900935,0.561405827,0.574222105,1.794575848,0.211186875,0.606163705,0.0299723,0.045980301,0.379388499,0.01902144,0.049563378,*,BRCA,STXBP5-AS1 BRCA,V,STXBP5-AS1,V
Kidney renal papillary cell carcinoma,ENSG00000254039,PBRM1 Mutation,0.303860933,0.000109361,Ftest,NA,NA,0.075262757,0.623563357,0.755732802,0.524675972,4.620561744,5.29228013,0.756729811,1.01E-05,0.001642,NA,0.171051721,2.24E-05,*,KIRP,RP11-304F15.6 KIRP,V,RP11-304F15.6,
Kidney renal papillary cell carcinoma,ENSG00000227145,PBRM1 Mutation,0.230940883,0.003614287,Ftest,NA,NA,0.075262757,0.428343222,0.7666999,0.524675972,4.745241702,5.29228013,0.773429711,3.37E-06,0.021607148,NA,0.171051721,1.69E-05,*,KIRP,IL21-AS1 KIRP,V,IL21-AS1,
Brain Lower Grade Glioma,ENSG00000253187,Percent aneuploidy,0.300548841,1.04E-11,Ftest,NA,NA,7.05E-07,cant_calc,0.653708264,0.688974884,3.824519857,8.160777699,0.735867668,4.73E-10,4.07E-11,NA,1.25E-06,3.05E-09,*,LGG,HOXA-AS4 LGG,V,HOXA-AS4,V
Brain Lower Grade Glioma,ENSG00000239552,Percent aneuploidy,0.248089357,2.54E-08,Ftest,NA,NA,7.05E-07,cant_calc,0.662019266,0.688974884,4.584044943,8.160777699,0.743721071,4.65E-10,8.04E-08,NA,1.25E-06,3.05E-09,*,LGG,HOXB-AS2 LGG,V,HOXB-AS2,V
Brain Lower Grade Glioma,ENSG00000255020,Percent aneuploidy,-0.239896738,7.41E-08,Ftest,NA,NA,7.05E-07,cant_calc,0.647207938,0.688974884,0.294817194,8.160777699,0.721109341,7.66E-10,2.22E-07,NA,1.25E-06,3.80E-09,*,LGG,AF131216.5 LGG,V,AF131216.5,V
Brain Lower Grade Glioma,ENSG00000225511,Percent aneuploidy,0.235990127,1.22E-07,Ftest,NA,NA,7.05E-07,cant_calc,0.68215398,0.688974884,3.441061203,8.160777699,0.749601639,1.95E-10,3.59E-07,NA,1.25E-06,3.05E-09,*,LGG,LINC00475 LGG,V,LINC00475,V
Brain Lower Grade Glioma,ENSG00000215196,Percent aneuploidy,-0.229579847,2.70E-07,Ftest,NA,NA,7.05E-07,cant_calc,0.63491345,0.688974884,0.317284096,8.160777699,0.711548676,1.09E-07,7.54E-07,NA,1.25E-06,2.69E-07,*,LGG,AC091878.1 LGG,V,AC091878.1,V
Brain Lower Grade Glioma,ENSG00000224950,Percent aneuploidy,0.216407022,1.30E-06,Ftest,NA,NA,7.05E-07,cant_calc,0.674024046,0.688974884,2.9695739,8.160777699,0.747514986,3.38E-08,3.32E-06,NA,1.25E-06,9.61E-08,*,LGG,RP5-1086K13.1 LGG,V,RP5-1086K13.1,V
Brain Lower Grade Glioma,ENSG00000254271,Percent aneuploidy,0.174020382,0.000106267,Ftest,NA,NA,7.05E-07,cant_calc,0.602520461,0.688974884,3.935547501,8.160777699,0.722095758,1.31E-05,0.000224729,NA,1.25E-06,1.81E-05,*,LGG,RP11-131N11.4 LGG,V,RP11-131N11.4,V
Brain Lower Grade Glioma,ENSG00000228021,Percent aneuploidy,-0.125019084,0.005536006,Ftest,NA,NA,7.05E-07,cant_calc,0.653581517,0.688974884,0.321922291,8.160777699,0.733781015,2.02E-08,0.009335227,NA,1.25E-06,6.41E-08,*,LGG,RP11-383C5.3 LGG,V,RP11-383C5.3,V
Brain Lower Grade Glioma,ENSG00000254635,Percent aneuploidy,-0.11763348,0.009080619,Ftest,NA,NA,7.05E-07,cant_calc,0.674911277,0.688974884,0.273102585,8.160777699,0.760793687,8.37E-09,0.014827846,NA,1.25E-06,3.02E-08,*,LGG,WAC-AS1 LGG,V,WAC-AS1,V
Brain Lower Grade Glioma,ENSG00000256482,Percent aneuploidy,0.102864617,0.022633327,Ftest,NA,NA,7.05E-07,cant_calc,0.593593829,0.688974884,2.675682342,8.160777699,0.715646104,5.83E-07,0.035497862,NA,1.25E-06,1.05E-06,*,LGG,RP11-625L16.3 LGG,V,RP11-625L16.3,V
Brain Lower Grade Glioma,ENSG00000261889,Percent aneuploidy,0.099450343,0.027558064,Ftest,NA,NA,7.05E-07,cant_calc,0.654468748,0.688974884,2.718258202,8.160777699,0.744517793,1.22E-07,0.042447644,NA,1.25E-06,2.92E-07,*,LGG,RP11-473M20.16 LGG,V,RP11-473M20.16,V
Stomach adenocarcinoma,ENSG00000243144,PIK3CA Mutation,-0.274979262,4.01E-05,Ftest,NA,NA,0.241571015,cant_calc,0.574139143,0.523308727,1.720040366,0.683895484,0.580847406,0.029766267,0.004915515,NA,0.550496359,0.056866689,*,STAD,RP11-115N4.1 STAD,,RP11-115N4.1,
Stomach adenocarcinoma,ENSG00000240449,PIK3CA Mutation,0.231825488,0.000576804,Ftest,NA,NA,0.241571015,cant_calc,0.582622227,0.523308727,0.495226747,0.683895484,0.59252705,0.011426591,0.017664637,NA,0.550496359,0.03447228,*,STAD,RP4-584D14.5 STAD,V,RP4-584D14.5,
Stomach adenocarcinoma,ENSG00000246560,PIK3CA Mutation,-0.224004869,0.000890329,Ftest,NA,NA,0.241571015,cant_calc,0.607569521,0.523308727,1.656817749,0.683895484,0.613863889,0.000113995,0.024236734,NA,0.550496359,0.001667324,*,STAD,RP11-10L12.4 STAD,V,RP11-10L12.4,
Brain Lower Grade Glioma,ENSG00000215196,Ploidy (ABSOLUTE),-0.109299455,0.02708398,Ftest,NA,NA,0.970351912,cant_calc,0.63491345,0.558531085,0.317284096,0.996477662,0.666239557,6.32E-06,0.041842316,NA,0.970351912,9.51E-06,*,LGG,AC091878.1 LGG,V,AC091878.1,
Breast invasive carcinoma,ENSG00000237870,PR Status,NA,3.36E-08,Ftest,2.22E-09,1.05E-11,0.630537291,0.593305396,0.558138867,0.551356478,1.79551717,-0.060360467,0.542792275,0.014702459,1.06E-05,3.72E-07,0.705574588,0.032962808,*,BRCA,AC073130.1 BRCA,,AC073130.1,
Breast invasive carcinoma,ENSG00000266850,PR Status,NA,0.000133323,Ftest,0.016671848,8.55E-06,0.630537291,0.707780919,0.56075411,0.551356478,0.514331267,-0.060360467,0.546384642,0.006893997,0.003993353,0.164757087,0.705574588,0.025548341,*,BRCA,RP11-370A5.1 BRCA,,RP11-370A5.1,
Breast invasive carcinoma,ENSG00000254302,PR Status,NA,0.000633605,Ftest,0.002833399,0.001330876,7.23E-06,cant_calc,0.538690719,0.633254652,1.778985749,1.032000252,0.650944173,0.011162141,0.01285606,0.0476011,1.24E-05,0.031320576,*,BRCA,RP11-431M3.1 BRCA,V,RP11-431M3.1,V
Breast invasive carcinoma,ENSG00000253199,PR Status,NA,0.001075828,Ftest,0.002120883,0.001776306,7.23E-06,cant_calc,0.525916252,0.633254652,2.472711319,1.032000252,0.639622331,0.046233578,0.018797103,0.039589818,1.24E-05,0.066652527,*,BRCA,RP11-421P23.1 BRCA,,RP11-421P23.1,V
Brain Lower Grade Glioma,ENSG00000254635,Purity (ESTIMATE),-0.39266488,0,Ftest,NA,NA,8.32E-07,cant_calc,0.674911277,0.63502907,0.273102585,1.000292792,0.710537791,2.49E-06,0,NA,1.34E-06,3.92E-06,*,LGG,WAC-AS1 LGG,V,WAC-AS1,V
Brain Lower Grade Glioma,ENSG00000228021,Purity (ESTIMATE),-0.456721443,0,Ftest,NA,NA,8.32E-07,cant_calc,0.653581517,0.63502907,0.321922291,1.000292792,0.692332849,2.49E-09,0,NA,1.34E-06,1.06E-08,*,LGG,RP11-383C5.3 LGG,V,RP11-383C5.3,V
Brain Lower Grade Glioma,ENSG00000224950,Purity (ESTIMATE),0.447311208,0,Ftest,NA,NA,8.32E-07,cant_calc,0.674024046,0.63502907,2.9695739,1.000292792,0.707376453,4.78E-08,0,NA,1.34E-06,1.26E-07,*,LGG,RP5-1086K13.1 LGG,V,RP5-1086K13.1,V
Brain Lower Grade Glioma,ENSG00000215196,Purity (ESTIMATE),-0.617160782,0,Ftest,NA,NA,8.32E-07,cant_calc,0.63491345,0.63502907,0.317284096,1.000292792,0.670348837,6.32E-06,0,NA,1.34E-06,9.51E-06,*,LGG,AC091878.1 LGG,V,AC091878.1,V
Brain Lower Grade Glioma,ENSG00000261889,Purity (ESTIMATE),0.359782079,0,Ftest,NA,NA,8.32E-07,cant_calc,0.654468748,0.63502907,2.718258202,1.000292792,0.699200581,0.000371312,0,NA,1.34E-06,0.000418334,*,LGG,RP11-473M20.16 LGG,V,RP11-473M20.16,V
Brain Lower Grade Glioma,ENSG00000225511,Purity (ESTIMATE),0.320289173,1.84E-13,Ftest,NA,NA,8.32E-07,cant_calc,0.68215398,0.63502907,3.441061203,1.000292792,0.730232558,3.48E-08,7.96E-13,NA,1.34E-06,9.61E-08,*,LGG,LINC00475 LGG,V,LINC00475,V
Brain Lower Grade Glioma,ENSG00000231265,Purity (ESTIMATE),0.315413089,4.42E-13,Ftest,NA,NA,8.32E-07,cant_calc,0.592109075,0.63502907,2.331247395,1.000292792,0.665952035,1.83E-05,1.84E-12,NA,1.34E-06,2.26E-05,*,LGG,TRERNA1 LGG,V,TRERNA1,V
Brain Lower Grade Glioma,ENSG00000253187,Purity (ESTIMATE),0.291556149,2.59E-11,Ftest,NA,NA,8.32E-07,cant_calc,0.653708264,0.63502907,3.824519857,1.000292792,0.701998547,4.17E-10,9.83E-11,NA,1.34E-06,3.05E-09,*,LGG,HOXA-AS4 LGG,V,HOXA-AS4,V
Brain Lower Grade Glioma,ENSG00000239552,Purity (ESTIMATE),0.258353698,4.10E-09,Ftest,NA,NA,8.32E-07,cant_calc,0.662019266,0.63502907,4.584044943,1.000292792,0.7,6.12E-10,1.38E-08,NA,1.34E-06,3.36E-09,*,LGG,HOXB-AS2 LGG,V,HOXB-AS2,V
Brain Lower Grade Glioma,ENSG00000256482,Purity (ESTIMATE),0.186149298,2.65E-05,Ftest,NA,NA,8.32E-07,cant_calc,0.593593829,0.63502907,2.675682342,1.000292792,0.661736919,5.83E-07,6.06E-05,NA,1.34E-06,1.05E-06,*,LGG,RP11-625L16.3 LGG,V,RP11-625L16.3,V
Brain Lower Grade Glioma,ENSG00000254271,Purity (ESTIMATE),0.158945369,0.000345335,Ftest,NA,NA,8.32E-07,cant_calc,0.602520461,0.63502907,3.935547501,1.000292792,0.679651163,2.10E-06,0.000685357,NA,1.34E-06,3.43E-06,*,LGG,RP11-131N11.4 LGG,V,RP11-131N11.4,V
Kidney renal papillary cell carcinoma,ENSG00000254039,SETD2 Mutation,0.379645925,9.40E-07,Ftest,NA,NA,0.018783686,0.313780013,0.755732802,0.570787637,4.620561744,3.919804392,0.760219342,1.73E-05,0.000129254,NA,0.060064111,3.61E-05,*,KIRP,RP11-304F15.6 KIRP,V,RP11-304F15.6,
Kidney renal papillary cell carcinoma,ENSG00000227145,SETD2 Mutation,0.231112262,0.003588698,Ftest,NA,NA,0.018783686,0.067977287,0.7666999,0.570787637,4.745241702,3.919804392,0.79336989,2.10E-06,0.021607148,NA,0.060064111,1.65E-05,*,KIRP,IL21-AS1 KIRP,V,IL21-AS1,
Kidney renal papillary cell carcinoma,ENSG00000258673,Stage,NA,4.36E-05,Ftest,6.34E-05,5.45E-05,0.366598857,0.435486367,0.756480558,0.588484546,4.604690286,0.983130087,0.765702891,8.26E-06,0.000999064,0.001268298,0.504073429,2.01E-05,*,KIRP,RP4-773N10.6 KIRP,V,RP4-773N10.6,
Kidney renal papillary cell carcinoma,ENSG00000254039,Stage,NA,6.94E-05,Ftest,0.00015961,0.000109896,0.366598857,0.356945017,0.755732802,0.588484546,4.620561744,0.983130087,0.80109671,4.75E-06,0.001366936,0.002223355,0.504073429,1.69E-05,*,KIRP,RP11-304F15.6 KIRP,V,RP11-304F15.6,
Kidney renal papillary cell carcinoma,ENSG00000259641,Stage,NA,0.000680736,Ftest,0.002788381,0.00021058,1.80E-07,4.30E-05,0.762730228,0.872156013,6.650877262,2.338215016,0.928494041,0.000119329,0.006038791,0.011618256,1.15E-06,0.0001965,*,KIRP,RP11-279F6.3 KIRP,V,RP11-279F6.3,V
Kidney renal papillary cell carcinoma,ENSG00000179136,Stage,NA,0.002193463,Ftest,0.001740278,0.002316081,1.80E-07,5.31E-05,0.614842904,0.872156013,4.415286961,2.338215016,0.88028169,0.492222706,0.015261556,0.007910356,1.15E-06,0.506970952,*,KIRP,LINC00670 KIRP,,LINC00670,V
Kidney renal papillary cell carcinoma,ENSG00000227145,Stage,NA,0.003699097,Ftest,0.042130686,0.001080868,1.80E-07,1.85E-08,0.768689057,0.872156013,4.745241702,2.338215016,0.938244854,3.43E-08,0.021643652,0.08102055,1.15E-06,2.29E-06,*,KIRP,IL21-AS1 KIRP,V,IL21-AS1,V
Breast invasive carcinoma,ENSG00000272657,Stage,NA,0.002072564,Ftest,0.107701839,0.010067135,0.018222148,0.018935663,0.587316742,0.633742192,1.673975268,-0.550314265,0.676186932,0.027951245,0.029628242,0.473178313,0.027139369,0.049050932,*,BRCA,AP000320.7 BRCA,V,AP000320.7,V
Breast invasive carcinoma,ENSG00000259560,Stage,NA,0.003734129,Ftest,0.003940797,0.004180873,7.23E-06,cant_calc,0.545520094,0.633254652,0.436647085,1.032000252,0.65013449,0.020234352,0.046975347,0.063052752,1.24E-05,0.036949686,*,BRCA,RP11-648K4.2 BRCA,V,RP11-648K4.2,V
Kidney renal papillary cell carcinoma,ENSG00000258673,Stage,NA,0.000105839,Ftest,0.000141729,0.000123972,4.00E-15,3.25E-05,0.751457726,0.829081633,4.604690286,0.289600723,0.893586006,0.043781537,0.001642,0.002223355,7.33E-14,0.047030948,*,KIRP,RP4-773N10.6 KIRP,V,RP4-773N10.6,V
Kidney renal papillary cell carcinoma,ENSG00000254039,Stage,NA,0.00016725,Ftest,0.000351445,0.00023615,4.00E-15,3.00E-06,0.734693878,0.829081633,4.620561744,0.289600723,0.844387755,0.014636064,0.002090627,0.00319495,7.33E-14,0.016428235,*,KIRP,RP11-304F15.6 KIRP,V,RP11-304F15.6,V
Kidney renal papillary cell carcinoma,ENSG00000259641,Stage,NA,0.001123925,Ftest,0.003986843,0.000375047,4.74E-07,7.20E-05,0.762643678,0.864942529,6.650877262,2.285392824,0.924137931,0.000126065,0.009090573,0.014766084,2.84E-06,0.000202735,*,KIRP,RP11-279F6.3 KIRP,V,RP11-279F6.3,V
Kidney renal papillary cell carcinoma,ENSG00000179136,Stage,NA,0.006333744,Ftest,0.00497483,0.006062185,4.74E-07,5.94E-05,0.596551724,0.864942529,4.415286961,2.285392824,0.872988506,0.535104372,0.032310673,0.016582766,2.84E-06,0.535104372,*,KIRP,LINC00670 KIRP,,LINC00670,V
Kidney renal papillary cell carcinoma,ENSG00000227145,Stage,NA,0.008041704,Ftest,0.082526337,0.002131643,4.74E-07,3.19E-08,0.765517241,0.864942529,4.745241702,2.285392824,0.934482759,4.17E-08,0.036555596,0.133106996,2.84E-06,2.29E-06,*,KIRP,IL21-AS1 KIRP,V,IL21-AS1,V
Brain Lower Grade Glioma,ENSG00000254635,STROMA (ESTIMATE),-0.361777542,0,Ftest,NA,NA,0.000235506,cant_calc,0.674911277,0.606468023,0.273102585,1.000530015,0.696765988,2.49E-06,0,NA,0.000338499,3.92E-06,*,LGG,WAC-AS1 LGG,V,WAC-AS1,V
Brain Lower Grade Glioma,ENSG00000228021,STROMA (ESTIMATE),-0.456302783,0,Ftest,NA,NA,0.000235506,cant_calc,0.653581517,0.606468023,0.321922291,1.000530015,0.678161337,2.49E-09,0,NA,0.000338499,1.06E-08,*,LGG,RP11-383C5.3 LGG,V,RP11-383C5.3,V
Brain Lower Grade Glioma,ENSG00000215196,STROMA (ESTIMATE),-0.496597487,0,Ftest,NA,NA,0.000235506,cant_calc,0.63491345,0.606468023,0.317284096,1.000530015,0.66002907,6.32E-06,0,NA,0.000338499,9.51E-06,*,LGG,AC091878.1 LGG,V,AC091878.1,V
Brain Lower Grade Glioma,ENSG00000224950,STROMA (ESTIMATE),0.353752874,4.44E-16,Ftest,NA,NA,0.000235506,cant_calc,0.674024046,0.606468023,2.9695739,1.000530015,0.699018895,4.78E-08,2.06E-15,NA,0.000338499,1.26E-07,*,LGG,RP5-1086K13.1 LGG,V,RP5-1086K13.1,V
Brain Lower Grade Glioma,ENSG00000261889,STROMA (ESTIMATE),0.316362491,3.73E-13,Ftest,NA,NA,0.000235506,cant_calc,0.654468748,0.606468023,2.718258202,1.000530015,0.690588663,0.000371312,1.56E-12,NA,0.000338499,0.000418334,*,LGG,RP11-473M20.16 LGG,V,RP11-473M20.16,V
Brain Lower Grade Glioma,ENSG00000231265,STROMA (ESTIMATE),0.294210278,1.68E-11,Ftest,NA,NA,0.000235506,cant_calc,0.592109075,0.606468023,2.331247395,1.000530015,0.651417151,1.83E-05,6.51E-11,NA,0.000338499,2.26E-05,*,LGG,TRERNA1 LGG,V,TRERNA1,V
Brain Lower Grade Glioma,ENSG00000225511,STROMA (ESTIMATE),0.292903354,2.08E-11,Ftest,NA,NA,0.000235506,cant_calc,0.68215398,0.606468023,3.441061203,1.000530015,0.717405523,3.48E-08,8.01E-11,NA,0.000338499,9.61E-08,*,LGG,LINC00475 LGG,V,LINC00475,V
Brain Lower Grade Glioma,ENSG00000253187,STROMA (ESTIMATE),0.250270238,1.27E-08,Ftest,NA,NA,0.000235506,cant_calc,0.653708264,0.606468023,3.824519857,1.000530015,0.687463663,4.17E-10,4.15E-08,NA,0.000338499,3.05E-09,*,LGG,HOXA-AS4 LGG,V,HOXA-AS4,V
Brain Lower Grade Glioma,ENSG00000239552,STROMA (ESTIMATE),0.224878346,3.46E-07,Ftest,NA,NA,0.000235506,cant_calc,0.662019266,0.606468023,4.584044943,1.000530015,0.690625,6.12E-10,9.61E-07,NA,0.000338499,3.36E-09,*,LGG,HOXB-AS2 LGG,V,HOXB-AS2,V
Brain Lower Grade Glioma,ENSG00000256482,STROMA (ESTIMATE),0.153569805,0.000547919,Ftest,NA,NA,0.000235506,cant_calc,0.593593829,0.606468023,2.675682342,1.000530015,0.645385174,5.83E-07,0.001062881,NA,0.000338499,1.05E-06,*,LGG,RP11-625L16.3 LGG,V,RP11-625L16.3,V
Brain Lower Grade Glioma,ENSG00000254271,STROMA (ESTIMATE),0.131610332,0.003104048,Ftest,NA,NA,0.000235506,cant_calc,0.602520461,0.606468023,3.935547501,1.000530015,0.665188953,2.10E-06,0.005429454,NA,0.000338499,3.43E-06,*,LGG,RP11-131N11.4 LGG,V,RP11-131N11.4,V
Brain Lower Grade Glioma,ENSG00000254271,Telomere Maintenance,NA,6.72E-05,Ftest,7.10E-05,6.00E-05,0.014253078,cant_calc,0.602520461,0.603288517,3.935547501,1.107125614,0.65065407,2.10E-06,0.000144884,0.000143674,0.018713965,3.43E-06,*,LGG,RP11-131N11.4 LGG,V,RP11-131N11.4,V
Brain Lower Grade Glioma,ENSG00000254635,Telomere Maintenance,NA,0.002534463,Ftest,0.10602316,0.021101484,0.106053593,0.030569722,0.632771338,0.633766538,0.273102585,0.212134573,0.694356633,2.49E-06,0.004463423,0.144197782,0.126382573,3.92E-06,*,LGG,WAC-AS1 LGG,V,WAC-AS1,
Brain Lower Grade Glioma,ENSG00000225511,Telomere Maintenance,NA,0.004787466,Ftest,0.960103723,0.250696472,0.106053593,0.077541255,0.677789486,0.633766538,3.441061203,0.212134573,0.735862311,3.48E-08,0.008152912,0.993120805,0.126382573,9.61E-08,*,LGG,LINC00475 LGG,V,LINC00475,
Brain Lower Grade Glioma,ENSG00000215196,Telomere Maintenance,NA,0.008034586,Ftest,0.00101977,0.001479754,0.106053593,0.001785387,0.58775319,0.633766538,0.317284096,0.212134573,0.679135933,6.32E-06,0.013312963,0.001803382,0.126382573,9.51E-06,*,LGG,AC091878.1 LGG,V,AC091878.1,
Brain Lower Grade Glioma,ENSG00000239552,Telomere Maintenance,NA,0.008935303,Ftest,0.029626813,0.015872477,0.014253078,cant_calc,0.662019266,0.603288517,4.584044943,1.107125614,0.682340116,6.12E-10,0.014636878,0.043660566,0.018713965,3.36E-09,*,LGG,HOXB-AS2 LGG,V,HOXB-AS2,V
Brain Lower Grade Glioma,ENSG00000224950,Telomere Maintenance,NA,0.023586288,Ftest,0.446118158,0.125928653,0.106053593,0.150320054,0.69523475,0.633766538,2.9695739,0.212134573,0.749853647,4.78E-08,0.036880378,0.527801764,0.126382573,1.26E-07,*,LGG,RP5-1086K13.1 LGG,V,RP5-1086K13.1,
Brain Lower Grade Glioma,ENSG00000228021,Telomere Maintenance,NA,0.564126657,Ftest,0.015837279,0.143170614,0.106053593,0.000138768,0.631015104,0.633766538,0.321922291,0.212134573,0.724329704,2.49E-09,0.632802945,0.024187844,0.126382573,1.06E-08,*,LGG,RP11-383C5.3 LGG,V,RP11-383C5.3,
Brain Lower Grade Glioma,ENSG00000254271,TERT Promoter Status,NA,1.30E-05,Ftest,3.69E-05,1.22E-05,2.68E-07,0.003523411,0.602320675,0.530754401,3.935547501,0.166403062,0.624127019,2.10E-06,3.02E-05,7.62E-05,5.46E-07,3.43E-06,*,LGG,RP11-131N11.4 LGG,V,RP11-131N11.4,V
Brain Lower Grade Glioma,ENSG00000239552,TERT Promoter Status,NA,0.001869417,Ftest,0.012017302,0.003647377,2.68E-07,0.112344126,0.661665212,0.530754401,4.584044943,0.166403062,0.668394442,6.12E-10,0.003396546,0.018868287,5.46E-07,3.36E-09,*,LGG,HOXB-AS2 LGG,V,HOXB-AS2,V
Brain Lower Grade Glioma,ENSG00000225511,TERT Promoter Status,NA,0.002035712,Ftest,1,0.125270784,0.054432663,0.051417903,0.68237406,0.615337148,3.441061203,0.638061313,0.72876697,1.49E-08,0.003672822,1,0.069010452,5.17E-08,*,LGG,LINC00475 LGG,V,LINC00475,
Brain Lower Grade Glioma,ENSG00000254635,TERT Promoter Status,NA,0.002248691,Ftest,0.843968931,0.072253471,0.054432663,0.035320591,0.639234826,0.615337148,0.273102585,0.638061313,0.694996073,3.51E-06,0.004028905,0.90244943,0.069010452,5.43E-06,*,LGG,WAC-AS1 LGG,V,WAC-AS1,
Brain Lower Grade Glioma,ENSG00000215196,TERT Promoter Status,NA,0.140238525,Ftest,0.001485125,0.022090936,0.054432663,0.002214381,0.591551666,0.615337148,0.317284096,0.638061313,0.672613037,1.13E-05,0.189432143,0.002572176,0.069010452,1.68E-05,*,LGG,AC091878.1 LGG,V,AC091878.1,
Brain Lower Grade Glioma,ENSG00000228021,TERT Promoter Status,NA,0.305248368,Ftest,0.009421706,0.063757654,0.054432663,3.90E-05,0.635364075,0.615337148,0.321922291,0.638061313,0.718108381,1.83E-09,0.367815993,0.015003285,0.069010452,8.38E-09,*,LGG,RP11-383C5.3 LGG,V,RP11-383C5.3,
Stomach adenocarcinoma,ENSG00000240449,Total Mutation Rate,0.265747356,7.38E-05,Ftest,NA,NA,0.167946352,cant_calc,0.582622227,0.488623723,0.495226747,0.99299911,0.567398119,0.014866112,0.006029328,NA,0.484080662,0.037165281,*,STAD,RP4-584D14.5 STAD,V,RP4-584D14.5,
Stomach adenocarcinoma,ENSG00000228623,Total Mutation Rate,-0.232394763,0.000558544,Ftest,NA,NA,0.167946352,cant_calc,0.594920189,0.488623723,1.870787073,0.99299911,0.582364243,0.000642806,0.017664637,NA,0.484080662,0.004436264,*,STAD,ZNF883 STAD,V,ZNF883,
Brain Lower Grade Glioma,ENSG00000261889,Tumour Purity  (ABSOLUTE),-0.181040269,0.000232718,Ftest,NA,NA,0.961013743,cant_calc,0.654468748,0.49738609,2.718258202,0.974721511,0.681102968,0.000371312,0.000472765,NA,0.970351912,0.000418334,*,LGG,RP11-473M20.16 LGG,V,RP11-473M20.16,
Brain Lower Grade Glioma,ENSG00000254635,Tumour Purity  (ABSOLUTE),0.154287815,0.001751117,Ftest,NA,NA,0.961013743,cant_calc,0.674911277,0.49738609,0.273102585,0.974721511,0.672159295,2.49E-06,0.003192849,NA,0.970351912,3.92E-06,*,LGG,WAC-AS1 LGG,V,WAC-AS1,
Brain Lower Grade Glioma,ENSG00000228021,Tumour Purity  (ABSOLUTE),0.10597742,0.032134094,Ftest,NA,NA,0.961013743,cant_calc,0.653581517,0.49738609,0.321922291,0.974721511,0.65045359,2.49E-09,0.048768213,NA,0.970351912,1.06E-08,*,LGG,RP11-383C5.3 LGG,V,RP11-383C5.3,
Stomach adenocarcinoma,ENSG00000240063,WHO Class,NA,1.71E-05,Ftest,0.009798558,0.000500688,0.032955228,0.039121614,0.544124817,0.575816675,0.577212828,-0.731159813,0.595258411,0.025638422,0.002799865,0.121584931,0.175522411,0.053917711,*,STAD,RP11-225N10.1 STAD,,RP11-225N10.1,
Stomach adenocarcinoma,ENSG00000246560,WHO Class,NA,0.026849968,Ftest,0.002476896,0.023061472,0.032955228,0.058986588,0.604705022,0.575816675,1.656817749,-0.731159813,0.641333496,0.000187147,0.168672874,0.048716655,0.175522411,0.002236634,*,STAD,RP11-10L12.4 STAD,V,RP11-10L12.4,
Brain Lower Grade Glioma,ENSG00000215196,X1p.19q.codeletion,NA,9.74E-26,Ftest,3.80E-28,2.56E-30,4.67E-05,0.091407367,0.63491345,0.594354313,0.317284096,2.562109638,0.650032592,1.26E-05,6.79E-25,8.25E-27,7.08E-05,1.81E-05,*,LGG,AC091878.1 LGG,V,AC091878.1,V
Brain Lower Grade Glioma,ENSG00000228021,X1p.19q.codeletion,NA,2.74E-20,Ftest,7.11E-17,1.64E-22,4.67E-05,0.027261872,0.653581517,0.594354313,0.321922291,2.562109638,0.675870935,2.40E-06,1.65E-19,4.51E-16,7.08E-05,3.85E-06,*,LGG,RP11-383C5.3 LGG,V,RP11-383C5.3,V
Brain Lower Grade Glioma,ENSG00000253187,X1p.19q.codeletion,NA,1.06E-10,Ftest,1.34E-09,1.91E-10,0,5.66E-15,0.65490391,0.732291437,3.824519857,6.458838418,0.765425963,3.60E-07,3.98E-10,4.54E-09,0,8.04E-07,*,LGG,HOXA-AS4 LGG,V,HOXA-AS4,V
Brain Lower Grade Glioma,ENSG00000254635,X1p.19q.codeletion,NA,4.03E-10,Ftest,3.17E-11,5.49E-11,4.67E-05,0.002380504,0.674911277,0.594354313,0.273102585,2.562109638,0.697834432,2.45E-09,1.45E-09,1.21E-10,7.08E-05,1.06E-08,*,LGG,WAC-AS1 LGG,V,WAC-AS1,V
Brain Lower Grade Glioma,ENSG00000255020,X1p.19q.codeletion,NA,7.71E-09,Ftest,1.28E-09,6.18E-10,4.67E-05,0.007763561,0.647207938,0.594354313,0.294817194,2.562109638,0.677735931,3.88E-08,2.57E-08,4.41E-09,7.08E-05,1.07E-07,*,LGG,AF131216.5 LGG,V,AF131216.5,V
Brain Lower Grade Glioma,ENSG00000225511,X1p.19q.codeletion,NA,2.21E-07,Ftest,1.09E-07,3.22E-10,4.67E-05,0.001136286,0.68215398,0.594354313,3.441061203,2.562109638,0.714528862,2.83E-09,6.23E-07,3.09E-07,7.08E-05,1.18E-08,*,LGG,LINC00475 LGG,V,LINC00475,V
Brain Lower Grade Glioma,ENSG00000239552,X1p.19q.codeletion,NA,6.17E-07,Ftest,9.59E-06,1.69E-06,0,1.84E-10,0.662745748,0.732291437,4.584044943,6.458838418,0.752724394,0.001404871,1.65E-06,2.12E-05,0,0.001532587,*,LGG,HOXB-AS2 LGG,V,HOXB-AS2,V
Brain Lower Grade Glioma,ENSG00000231265,X1p.19q.codeletion,NA,6.07E-05,Ftest,0.000126857,6.87E-05,7.05E-07,cant_calc,0.592109075,0.688974884,2.331247395,8.160777699,0.705554291,1.83E-05,0.000131555,0.00024638,1.25E-06,2.26E-05,*,LGG,TRERNA1 LGG,V,TRERNA1,V
Brain Lower Grade Glioma,ENSG00000224950,X1p.19q.codeletion,NA,0.001276453,Ftest,8.17E-07,6.80E-10,4.67E-05,0.001013939,0.674024046,0.594354313,2.9695739,2.562109638,0.700876367,1.88E-07,0.002386413,2.11E-06,7.08E-05,4.39E-07,*,LGG,RP5-1086K13.1 LGG,V,RP5-1086K13.1,V
Brain Lower Grade Glioma,ENSG00000261889,X1p.19q.codeletion,NA,0.001972755,Ftest,0.000148664,3.62E-06,4.67E-05,0.001146309,0.654468748,0.594354313,2.718258202,2.562109638,0.688038676,3.69E-06,0.003571724,0.000287076,7.08E-05,5.69E-06,*,LGG,RP11-473M20.16 LGG,V,RP11-473M20.16,V
Brain Lower Grade Glioma,ENSG00000256482,X1p.19q.codeletion,NA,0.008049698,Ftest,0.013358765,0.009029272,7.05E-07,cant_calc,0.593593829,0.688974884,2.675682342,8.160777699,0.715646104,5.83E-07,0.013312963,0.020684539,1.25E-06,1.05E-06,*,LGG,RP11-625L16.3 LGG,V,RP11-625L16.3,V
Brain Lower Grade Glioma,ENSG00000254271,X1p.19q.codeletion,NA,0.030350221,Ftest,0.062680768,0.036088541,7.05E-07,cant_calc,0.602520461,0.688974884,3.935547501,8.160777699,0.722095758,1.31E-05,0.046470961,0.087753075,1.25E-06,1.81E-05,*,LGG,RP11-131N11.4 LGG,V,RP11-131N11.4,V